--
-- Script was generated by Devart dbForge Data Generator for SQL Server, Version 4.4.5.0
-- Product Home Page: http://www.devart.com/dbforge/sql/data-generator
-- Script date 18.01.2022 22:06:03
-- Target server version: 15.00.2000
-- Target connection string: Data Source=DESKTOP-L4SS7SG;Integrated Security=True;User ID=DESKTOP-L4SS7SG\alyon
--



SET LANGUAGE 'Russian'
SET DATEFORMAT ymd
SET ARITHABORT, ANSI_PADDING, ANSI_WARNINGS, CONCAT_NULL_YIELDS_NULL, QUOTED_IDENTIFIER, ANSI_NULLS, NOCOUNT ON
SET NUMERIC_ROUNDABORT, IMPLICIT_TRANSACTIONS, XACT_ABORT OFF
GO

--
-- Backing up database PaymentData
--
--
-- Create backup folder
--
IF OBJECT_ID('xp_create_subdir') IS NOT NULL
  EXEC xp_create_subdir N'C:\Program Files\Microsoft SQL Server\MSSQL15.MSSQLSERVER\MSSQL\Backup'
--
-- Backup database to the file with the name: <database_name>_<yyyy>_<mm>_<dd>_<hh>_<mi>.bak
--
DECLARE @db_name SYSNAME
SET @db_name = N'PaymentData'

DECLARE @filepath NVARCHAR(4000)
SET @filepath =
/*define base part*/ N'C:\Program Files\Microsoft SQL Server\MSSQL15.MSSQLSERVER\MSSQL\Backup\' + @db_name + '_' +
/*append date*/ REPLACE(CONVERT(NVARCHAR(10), GETDATE(), 102), '.', '_') + '_' +
/*append time*/ REPLACE(CONVERT(NVARCHAR(5), GETDATE(), 108), ':', '_') + '.bak'

DECLARE @SQL NVARCHAR(MAX)
SET @SQL = 
    N'BACKUP DATABASE ' + QUOTENAME(@db_name) + ' TO DISK = @filepath WITH INIT' + 
      CASE WHEN EXISTS(
                SELECT value
                FROM sys.configurations WITH (NOLOCK)
                WHERE name = 'backup compression default'
          )
        THEN ', COMPRESSION'
        ELSE ''
      END

EXEC sys.sp_executesql @SQL, N'@filepath NVARCHAR(4000)', @filepath = @filepath
GO

USE PaymentData
GO

IF DB_NAME() <> N'PaymentData' SET NOEXEC ON
GO

--
-- Disabling DML triggers for [PaymentData].[dbo].[PaymentParticipant]
--
DISABLE TRIGGER ALL ON dbo.PaymentParticipant
GO

--
-- Disabling DML triggers for [PaymentData].[dbo].[Project]
--
DISABLE TRIGGER ALL ON dbo.Project
GO

--
-- Disabling DML triggers for [PaymentData].[dbo].[Payment]
--
DISABLE TRIGGER ALL ON dbo.Payment
GO
--
-- Delete data from the table 'dbo.Supplier'
--
TRUNCATE TABLE dbo.Supplier
GO
--
-- Delete data from the table 'dbo.Payment'
--
TRUNCATE TABLE dbo.Payment
GO
--
-- Delete data from the table 'dbo.Cashbox'
--
TRUNCATE TABLE dbo.Cashbox
GO
--
-- Delete data from the table 'dbo.Bank'
--
TRUNCATE TABLE dbo.Bank
GO
--
-- Delete data from the table 'dbo.Project'
--
DELETE dbo.Project
GO
--
-- Delete data from the table 'dbo.Employee'
--
DELETE dbo.Employee
GO
--
-- Delete data from the table 'dbo.Client'
--
DELETE dbo.Client
GO
--
-- Delete data from the table 'dbo.PaymentParticipant'
--
DELETE dbo.PaymentParticipant
GO
--
-- Delete data from the table 'dbo.PaymentCategory'
--
DELETE dbo.PaymentCategory
GO
--
-- Delete data from the table 'dbo.AccountType'
--
DELETE dbo.AccountType
GO

--
-- Inserting data into table dbo.AccountType
--
INSERT dbo.AccountType(Oid, Name, OptimisticLockField, GCRecord) VALUES ('142cb08f-7c31-21fa-8e90-67245e8b283e', N'Letha241', -43, 3)
INSERT dbo.AccountType(Oid, Name, OptimisticLockField, GCRecord) VALUES ('469b3ece-744a-45d5-957d-e8c757976496', N'Mollie1975', -2085986561, -503869800)
INSERT dbo.AccountType(Oid, Name, OptimisticLockField, GCRecord) VALUES ('4e272fc4-7875-78d6-7d32-6a1673ffca7c', N'Quintin5', -826037299, 73)
INSERT dbo.AccountType(Oid, Name, OptimisticLockField, GCRecord) VALUES ('17120d02-6ab5-3e43-18cb-66948daf6128', N'Kathern49', -433904017, -576992442)
INSERT dbo.AccountType(Oid, Name, OptimisticLockField, GCRecord) VALUES ('11452b0c-768e-5ff7-0d63-eeb1d8ed8cef', N'Felisa221', -608309088, -160030359)
INSERT dbo.AccountType(Oid, Name, OptimisticLockField, GCRecord) VALUES ('768f8e64-7d10-20c9-967d-e8c757976496', N'Shenita2027', -1042831474, NULL)
INSERT dbo.AccountType(Oid, Name, OptimisticLockField, GCRecord) VALUES ('4577565a-7e3e-493a-74dd-867949feb8b5', N'Arnita2004', -697061317, -549751213)
INSERT dbo.AccountType(Oid, Name, OptimisticLockField, GCRecord) VALUES ('7686595d-16d5-33b3-0080-e8e2a817c80e', N'Woodrow2009', -1403191989, -82528001)
INSERT dbo.AccountType(Oid, Name, OptimisticLockField, GCRecord) VALUES ('59d19422-6657-452e-a7db-e5d54223c257', NULL, NULL, -815769465)
INSERT dbo.AccountType(Oid, Name, OptimisticLockField, GCRecord) VALUES ('2bbbd485-6df2-536a-7e32-6a1673ffca7c', N'Chantel318', 6389, -1956156509)
INSERT dbo.AccountType(Oid, Name, OptimisticLockField, GCRecord) VALUES ('4760d71f-6e2f-5b32-19cb-66948daf6128', N'Aisha2010', -1477677474, -461222556)
INSERT dbo.AccountType(Oid, Name, OptimisticLockField, GCRecord) VALUES ('5b2fcdf5-2050-7cb2-8f90-67245e8b283e', N'Christopher1976', -1930689473, -6)
INSERT dbo.AccountType(Oid, Name, OptimisticLockField, GCRecord) VALUES ('1f74cd3f-6de4-5324-0180-e8e2a817c80e', N'Stephan1976', 4, -339)
INSERT dbo.AccountType(Oid, Name, OptimisticLockField, GCRecord) VALUES ('68478414-705a-2626-5c92-08c864661f9c', N'Brinson972', -1316675850, -2041404144)
INSERT dbo.AccountType(Oid, Name, OptimisticLockField, GCRecord) VALUES ('7bec5682-21c4-666f-a8db-e5d54223c257', N'Carpenter1994', 0, 654)
INSERT dbo.AccountType(Oid, Name, OptimisticLockField, GCRecord) VALUES ('5660d465-6020-48f3-75dd-867949feb8b5', N'Doyle2', -1502245891, -41)
INSERT dbo.AccountType(Oid, Name, OptimisticLockField, GCRecord) VALUES ('2dcedb9c-6c32-7d27-977d-e8c757976496', N'Johnston1952', -1490296213, -408543527)
INSERT dbo.AccountType(Oid, Name, OptimisticLockField, GCRecord) VALUES ('284ccb05-337b-7e6f-9090-67245e8b283e', N'Booker6', -1852414129, 244)
INSERT dbo.AccountType(Oid, Name, OptimisticLockField, GCRecord) VALUES ('4d7b21db-2e02-12b7-a9db-e5d54223c257', N'Carvalho72', -94, -1523251993)
INSERT dbo.AccountType(Oid, Name, OptimisticLockField, GCRecord) VALUES ('1ded3dd7-32db-5bc9-9190-67245e8b283e', N'Aguilera1993', -2099293490, -1588532960)
INSERT dbo.AccountType(Oid, Name, OptimisticLockField, GCRecord) VALUES ('404fe340-1fd3-414b-aadb-e5d54223c257', N'Paris2022', 8252, -3453)
INSERT dbo.AccountType(Oid, Name, OptimisticLockField, GCRecord) VALUES ('11f7089b-33e6-371a-f817-7000f455f3d5', N'Jerrod1982', -188539408, -774)
INSERT dbo.AccountType(Oid, Name, OptimisticLockField, GCRecord) VALUES ('5ae2d70b-201d-3e23-7f32-6a1673ffca7c', N'Suarez82', -685219677, -1376415687)
INSERT dbo.AccountType(Oid, Name, OptimisticLockField, GCRecord) VALUES ('7623d42f-35f4-1ce5-987d-e8c757976496', N'Abreu232', -812334017, -8745)
INSERT dbo.AccountType(Oid, Name, OptimisticLockField, GCRecord) VALUES ('5608f456-3b97-2e05-5d92-08c864661f9c', N'Shank212', -998795651, -198865997)
INSERT dbo.AccountType(Oid, Name, OptimisticLockField, GCRecord) VALUES ('6764ab86-6fcc-2757-8032-6a1673ffca7c', N'Elise28', -31, 96)
INSERT dbo.AccountType(Oid, Name, OptimisticLockField, GCRecord) VALUES ('2fb0b105-7808-503a-76dd-867949feb8b5', NULL, NULL, -2065880499)
INSERT dbo.AccountType(Oid, Name, OptimisticLockField, GCRecord) VALUES ('3599ef50-13ed-5404-0e63-eeb1d8ed8cef', N'Alcala1977', -560310634, -1274058507)
INSERT dbo.AccountType(Oid, Name, OptimisticLockField, GCRecord) VALUES ('6916f8cf-1279-16d8-9290-67245e8b283e', N'Abernathy6', -1420695774, -1562455411)
INSERT dbo.AccountType(Oid, Name, OptimisticLockField, GCRecord) VALUES ('24629593-3d34-32fd-997d-e8c757976496', N'Lindsey295', 872, -421356767)
INSERT dbo.AccountType(Oid, Name, OptimisticLockField, GCRecord) VALUES ('1f22399e-14b4-5c2b-8132-6a1673ffca7c', N'Hubert2025', -1407306761, -1642917112)
INSERT dbo.AccountType(Oid, Name, OptimisticLockField, GCRecord) VALUES ('30c8ee28-58a3-22f2-5e92-08c864661f9c', NULL, NULL, 30)
INSERT dbo.AccountType(Oid, Name, OptimisticLockField, GCRecord) VALUES ('14c0ce35-1687-459c-1acb-66948daf6128', N'Paris24', 979, -233663196)
INSERT dbo.AccountType(Oid, Name, OptimisticLockField, GCRecord) VALUES ('34cde64f-62e4-186c-77dd-867949feb8b5', N'Muncy1', -103745287, -99)
INSERT dbo.AccountType(Oid, Name, OptimisticLockField, GCRecord) VALUES ('3f66f2d6-688b-4161-5f92-08c864661f9c', N'Jestine2015', -1640691558, -480951045)
INSERT dbo.AccountType(Oid, Name, OptimisticLockField, GCRecord) VALUES ('2bf413d3-7a2c-217a-78dd-867949feb8b5', N'Alexander3', -1084919917, -1673869506)
INSERT dbo.AccountType(Oid, Name, OptimisticLockField, GCRecord) VALUES ('47f60f67-6087-2a86-abdb-e5d54223c257', N'Seymour1989', -3617, -1007746493)
INSERT dbo.AccountType(Oid, Name, OptimisticLockField, GCRecord) VALUES ('6429b0f4-1391-7f32-9390-67245e8b283e', N'Lorretta2028', -675286464, -1279257748)
INSERT dbo.AccountType(Oid, Name, OptimisticLockField, GCRecord) VALUES ('2de001fe-529b-33ad-0280-e8e2a817c80e', N'Andre58', -2127107388, -671492209)
INSERT dbo.AccountType(Oid, Name, OptimisticLockField, GCRecord) VALUES ('771e3dd1-42bb-2339-acdb-e5d54223c257', N'Carlson9', -1511306052, -60)
INSERT dbo.AccountType(Oid, Name, OptimisticLockField, GCRecord) VALUES ('69cdb3c5-55bc-2a7a-9a7d-e8c757976496', N'Jefferies7', -1442305649, -719)
INSERT dbo.AccountType(Oid, Name, OptimisticLockField, GCRecord) VALUES ('205a3e0a-13fe-3557-8232-6a1673ffca7c', NULL, NULL, -935181600)
INSERT dbo.AccountType(Oid, Name, OptimisticLockField, GCRecord) VALUES ('645f2e5c-7670-66a0-6092-08c864661f9c', N'Verona3', -2134109577, 371)
INSERT dbo.AccountType(Oid, Name, OptimisticLockField, GCRecord) VALUES ('2b850d3d-6722-3f01-1bcb-66948daf6128', N'Lanette688', -1256538272, 1246)
INSERT dbo.AccountType(Oid, Name, OptimisticLockField, GCRecord) VALUES ('61a45b9e-55c1-3dbb-f917-7000f455f3d5', N'Crystle2000', -1898297959, NULL)
INSERT dbo.AccountType(Oid, Name, OptimisticLockField, GCRecord) VALUES ('1f8d7e46-1d1e-335f-79dd-867949feb8b5', N'Weston1954', -833881033, -986931699)
INSERT dbo.AccountType(Oid, Name, OptimisticLockField, GCRecord) VALUES ('46f514e3-3598-177c-6192-08c864661f9c', N'Abdul134', -1959998174, NULL)
INSERT dbo.AccountType(Oid, Name, OptimisticLockField, GCRecord) VALUES ('247986de-4165-651a-9490-67245e8b283e', N'Brigida1989', -1593538563, -1764148239)
INSERT dbo.AccountType(Oid, Name, OptimisticLockField, GCRecord) VALUES ('6a4d99cd-242a-6200-7add-867949feb8b5', N'Christian1985', -14, -878441228)
INSERT dbo.AccountType(Oid, Name, OptimisticLockField, GCRecord) VALUES ('1152da18-24d8-65b6-0380-e8e2a817c80e', N'Alberto1984', -1691491338, -30)
GO

--
-- Inserting data into table dbo.PaymentCategory
--
INSERT dbo.PaymentCategory(Oid, Name, OptimisticLockField, GCRecord, ProfitByMaterial, CostByMaterial, NotInPaymentParticipantProfit) VALUES ('6fd9cee5-30b5-5670-79ff-f8ad76748b41', N'Garden', -1016117299, -6673, 1, 0, 1)
INSERT dbo.PaymentCategory(Oid, Name, OptimisticLockField, GCRecord, ProfitByMaterial, CostByMaterial, NotInPaymentParticipantProfit) VALUES ('3f7bb059-6c87-1b53-7f6a-e0860b0602ba', N'Tools', -1294252032, 178, 0, 1, 0)
INSERT dbo.PaymentCategory(Oid, Name, OptimisticLockField, GCRecord, ProfitByMaterial, CostByMaterial, NotInPaymentParticipantProfit) VALUES ('676c50b7-4130-6122-b044-6bc098520b79', N'Accessories', -2026866883, NULL, 0, NULL, 0)
INSERT dbo.PaymentCategory(Oid, Name, OptimisticLockField, GCRecord, ProfitByMaterial, CostByMaterial, NotInPaymentParticipantProfit) VALUES ('6e0e23cc-5dbb-6fe0-8b0b-d111d7560dd1', N'Baby', -1007499923, NULL, 0, NULL, 0)
INSERT dbo.PaymentCategory(Oid, Name, OptimisticLockField, GCRecord, ProfitByMaterial, CostByMaterial, NotInPaymentParticipantProfit) VALUES ('1c1fcd85-59ec-7f23-924a-775f5b0c255b', NULL, NULL, -1787229939, NULL, 1, 1)
INSERT dbo.PaymentCategory(Oid, Name, OptimisticLockField, GCRecord, ProfitByMaterial, CostByMaterial, NotInPaymentParticipantProfit) VALUES ('31df9e9c-56fc-3664-a156-4fc3bbeea6ea', NULL, NULL, -1561621358, NULL, 0, 0)
INSERT dbo.PaymentCategory(Oid, Name, OptimisticLockField, GCRecord, ProfitByMaterial, CostByMaterial, NotInPaymentParticipantProfit) VALUES ('1ce44394-2f81-5943-7aff-f8ad76748b41', N'Movies', -156965173, -591007475, 0, 0, 1)
INSERT dbo.PaymentCategory(Oid, Name, OptimisticLockField, GCRecord, ProfitByMaterial, CostByMaterial, NotInPaymentParticipantProfit) VALUES ('19c218fd-281b-2e0c-c98f-e9717deaa492', N'Home', -2528, -851505665, 0, 0, 1)
INSERT dbo.PaymentCategory(Oid, Name, OptimisticLockField, GCRecord, ProfitByMaterial, CostByMaterial, NotInPaymentParticipantProfit) VALUES ('172bfb98-61e3-1a45-b144-6bc098520b79', N'Music', -1881786875, -4, 1, 0, 0)
INSERT dbo.PaymentCategory(Oid, Name, OptimisticLockField, GCRecord, ProfitByMaterial, CostByMaterial, NotInPaymentParticipantProfit) VALUES ('70701af8-7bc4-5d50-07a6-59a0c0702c31', N'Beauty', -441446008, -1819425930, 1, 0, 1)
INSERT dbo.PaymentCategory(Oid, Name, OptimisticLockField, GCRecord, ProfitByMaterial, CostByMaterial, NotInPaymentParticipantProfit) VALUES ('7b2cc0a1-7058-6971-ca8f-e9717deaa492', N'Toys', -8617377, -42887057, 0, 0, 1)
INSERT dbo.PaymentCategory(Oid, Name, OptimisticLockField, GCRecord, ProfitByMaterial, CostByMaterial, NotInPaymentParticipantProfit) VALUES ('7e895323-4cec-68de-b244-6bc098520b79', N'Crafts', -1137286860, NULL, 1, NULL, 0)
INSERT dbo.PaymentCategory(Oid, Name, OptimisticLockField, GCRecord, ProfitByMaterial, CostByMaterial, NotInPaymentParticipantProfit) VALUES ('44b28091-5231-5329-cb8f-e9717deaa492', N'Baby', 48, -1975297929, 0, 0, 0)
INSERT dbo.PaymentCategory(Oid, Name, OptimisticLockField, GCRecord, ProfitByMaterial, CostByMaterial, NotInPaymentParticipantProfit) VALUES ('2cfa16ff-1641-46e2-b344-6bc098520b79', N'Movies', -111030766, -3, 1, 1, 0)
INSERT dbo.PaymentCategory(Oid, Name, OptimisticLockField, GCRecord, ProfitByMaterial, CostByMaterial, NotInPaymentParticipantProfit) VALUES ('4419e3b6-6dcb-722d-ef5a-dbeedbd89217', N'Shoes', -1403193710, -4, 1, 1, 1)
INSERT dbo.PaymentCategory(Oid, Name, OptimisticLockField, GCRecord, ProfitByMaterial, CostByMaterial, NotInPaymentParticipantProfit) VALUES ('3061c62e-7ef4-7db1-8c0b-d111d7560dd1', N'Toys', -548292630, -1103473588, 0, 0, 1)
INSERT dbo.PaymentCategory(Oid, Name, OptimisticLockField, GCRecord, ProfitByMaterial, CostByMaterial, NotInPaymentParticipantProfit) VALUES ('1975a37d-41d2-5eff-08a6-59a0c0702c31', N'Movies', -18, -47, 0, 1, 0)
INSERT dbo.PaymentCategory(Oid, Name, OptimisticLockField, GCRecord, ProfitByMaterial, CostByMaterial, NotInPaymentParticipantProfit) VALUES ('1882a7c3-4ac9-63c5-934a-775f5b0c255b', N'Electronics', -1945912026, -846330747, 0, 1, 0)
INSERT dbo.PaymentCategory(Oid, Name, OptimisticLockField, GCRecord, ProfitByMaterial, CostByMaterial, NotInPaymentParticipantProfit) VALUES ('4e86ee0c-533e-1855-671f-62d5266e68a0', N'Movies', -5, -980250528, 0, 1, 1)
INSERT dbo.PaymentCategory(Oid, Name, OptimisticLockField, GCRecord, ProfitByMaterial, CostByMaterial, NotInPaymentParticipantProfit) VALUES ('1d761207-4485-528e-806a-e0860b0602ba', N'Electronics', -529296520, -1701716082, 0, 1, 0)
INSERT dbo.PaymentCategory(Oid, Name, OptimisticLockField, GCRecord, ProfitByMaterial, CostByMaterial, NotInPaymentParticipantProfit) VALUES ('45706b02-17ac-116f-681f-62d5266e68a0', N'Garden', -1336247076, -448226068, 1, 1, 0)
INSERT dbo.PaymentCategory(Oid, Name, OptimisticLockField, GCRecord, ProfitByMaterial, CostByMaterial, NotInPaymentParticipantProfit) VALUES ('152bd1b0-3e3e-6e7b-7bff-f8ad76748b41', N'Jewelry', -294, -1401686508, 0, 1, 0)
INSERT dbo.PaymentCategory(Oid, Name, OptimisticLockField, GCRecord, ProfitByMaterial, CostByMaterial, NotInPaymentParticipantProfit) VALUES ('7536aa8e-77f4-2e74-cc8f-e9717deaa492', N'Baby', -1914729552, -434688749, 0, 1, 0)
INSERT dbo.PaymentCategory(Oid, Name, OptimisticLockField, GCRecord, ProfitByMaterial, CostByMaterial, NotInPaymentParticipantProfit) VALUES ('1cc9577e-32fe-55db-944a-775f5b0c255b', N'Books', 9, 42, 1, 0, NULL)
INSERT dbo.PaymentCategory(Oid, Name, OptimisticLockField, GCRecord, ProfitByMaterial, CostByMaterial, NotInPaymentParticipantProfit) VALUES ('6ce5ae5b-7dc2-7eaf-f05a-dbeedbd89217', N'Food', -2, -58, 1, 0, 0)
INSERT dbo.PaymentCategory(Oid, Name, OptimisticLockField, GCRecord, ProfitByMaterial, CostByMaterial, NotInPaymentParticipantProfit) VALUES ('7f5a4dac-6d24-2306-09a6-59a0c0702c31', NULL, NULL, 8, NULL, 0, 1)
INSERT dbo.PaymentCategory(Oid, Name, OptimisticLockField, GCRecord, ProfitByMaterial, CostByMaterial, NotInPaymentParticipantProfit) VALUES ('2ee7af5c-4a84-745d-f15a-dbeedbd89217', N'Outdoors', -1088997547, NULL, 0, NULL, 0)
INSERT dbo.PaymentCategory(Oid, Name, OptimisticLockField, GCRecord, ProfitByMaterial, CostByMaterial, NotInPaymentParticipantProfit) VALUES ('270ebc7c-34b9-7493-b444-6bc098520b79', N'Office', -1663234218, -1187383530, 1, 1, 0)
INSERT dbo.PaymentCategory(Oid, Name, OptimisticLockField, GCRecord, ProfitByMaterial, CostByMaterial, NotInPaymentParticipantProfit) VALUES ('334d4519-33ef-6c5f-7cff-f8ad76748b41', N'Furniture', -1518163089, -95, 0, 1, 0)
INSERT dbo.PaymentCategory(Oid, Name, OptimisticLockField, GCRecord, ProfitByMaterial, CostByMaterial, NotInPaymentParticipantProfit) VALUES ('595a1661-7620-1982-0aa6-59a0c0702c31', N'Movies', -270397956, -1722602733, 0, 1, NULL)
INSERT dbo.PaymentCategory(Oid, Name, OptimisticLockField, GCRecord, ProfitByMaterial, CostByMaterial, NotInPaymentParticipantProfit) VALUES ('2a2317ec-7be5-49d8-f25a-dbeedbd89217', N'Automotive', -780633437, -600316478, 1, 0, 0)
INSERT dbo.PaymentCategory(Oid, Name, OptimisticLockField, GCRecord, ProfitByMaterial, CostByMaterial, NotInPaymentParticipantProfit) VALUES ('7c185eef-7078-4c53-816a-e0860b0602ba', N'Baby', -771017666, -2078735518, 1, 0, 0)
INSERT dbo.PaymentCategory(Oid, Name, OptimisticLockField, GCRecord, ProfitByMaterial, CostByMaterial, NotInPaymentParticipantProfit) VALUES ('25efbe65-696b-226c-cd8f-e9717deaa492', N'Toys', 8180, NULL, 1, NULL, 1)
INSERT dbo.PaymentCategory(Oid, Name, OptimisticLockField, GCRecord, ProfitByMaterial, CostByMaterial, NotInPaymentParticipantProfit) VALUES ('4ca73c94-291d-73c7-954a-775f5b0c255b', N'Automotive', -964986398, 869, 1, 0, 0)
INSERT dbo.PaymentCategory(Oid, Name, OptimisticLockField, GCRecord, ProfitByMaterial, CostByMaterial, NotInPaymentParticipantProfit) VALUES ('380cb357-23ad-459d-0ba6-59a0c0702c31', N'Food', -6, -2084317321, 1, 1, 0)
INSERT dbo.PaymentCategory(Oid, Name, OptimisticLockField, GCRecord, ProfitByMaterial, CostByMaterial, NotInPaymentParticipantProfit) VALUES ('73e731d0-5a66-755a-691f-62d5266e68a0', N'Pets', -570924148, -345661272, 0, 0, 1)
INSERT dbo.PaymentCategory(Oid, Name, OptimisticLockField, GCRecord, ProfitByMaterial, CostByMaterial, NotInPaymentParticipantProfit) VALUES ('4f128bf7-7cde-51c3-f35a-dbeedbd89217', N'Garden', -6520, 928, 1, 1, 1)
INSERT dbo.PaymentCategory(Oid, Name, OptimisticLockField, GCRecord, ProfitByMaterial, CostByMaterial, NotInPaymentParticipantProfit) VALUES ('3f84bcae-3049-58d5-a256-4fc3bbeea6ea', N'Toys', -1815045742, -899506386, 0, 1, 1)
INSERT dbo.PaymentCategory(Oid, Name, OptimisticLockField, GCRecord, ProfitByMaterial, CostByMaterial, NotInPaymentParticipantProfit) VALUES ('1a40131a-73f7-1c19-8d0b-d111d7560dd1', N'Sports', -1425496532, -1084389479, 1, 1, 1)
INSERT dbo.PaymentCategory(Oid, Name, OptimisticLockField, GCRecord, ProfitByMaterial, CostByMaterial, NotInPaymentParticipantProfit) VALUES ('56d97e17-4a62-3c01-b544-6bc098520b79', N'Office', -1922982896, -2029360069, 0, 0, 1)
INSERT dbo.PaymentCategory(Oid, Name, OptimisticLockField, GCRecord, ProfitByMaterial, CostByMaterial, NotInPaymentParticipantProfit) VALUES ('15e14119-2b14-2356-a356-4fc3bbeea6ea', N'Gifts', -1562880328, 9524, 0, 1, 1)
INSERT dbo.PaymentCategory(Oid, Name, OptimisticLockField, GCRecord, ProfitByMaterial, CostByMaterial, NotInPaymentParticipantProfit) VALUES ('2cc67e6d-5a05-423e-7dff-f8ad76748b41', N'Office', -1564737688, -2103710524, 0, 1, 1)
INSERT dbo.PaymentCategory(Oid, Name, OptimisticLockField, GCRecord, ProfitByMaterial, CostByMaterial, NotInPaymentParticipantProfit) VALUES ('3b12f323-3359-1787-0ca6-59a0c0702c31', N'Music', -1299125436, -539933094, 0, 0, 0)
INSERT dbo.PaymentCategory(Oid, Name, OptimisticLockField, GCRecord, ProfitByMaterial, CostByMaterial, NotInPaymentParticipantProfit) VALUES ('6e12e208-3a95-539a-f45a-dbeedbd89217', N'Office', -7, -6, 1, 0, 1)
INSERT dbo.PaymentCategory(Oid, Name, OptimisticLockField, GCRecord, ProfitByMaterial, CostByMaterial, NotInPaymentParticipantProfit) VALUES ('7a4d803b-199b-2a42-964a-775f5b0c255b', NULL, NULL, -2113015777, NULL, 1, 1)
INSERT dbo.PaymentCategory(Oid, Name, OptimisticLockField, GCRecord, ProfitByMaterial, CostByMaterial, NotInPaymentParticipantProfit) VALUES ('274ef38d-6952-6e33-ce8f-e9717deaa492', N'Outdoors', -533855057, 181, 0, 1, 1)
INSERT dbo.PaymentCategory(Oid, Name, OptimisticLockField, GCRecord, ProfitByMaterial, CostByMaterial, NotInPaymentParticipantProfit) VALUES ('1b7afceb-66eb-4e6d-8e0b-d111d7560dd1', N'Clothing', -252165415, -809603893, 1, 0, 1)
INSERT dbo.PaymentCategory(Oid, Name, OptimisticLockField, GCRecord, ProfitByMaterial, CostByMaterial, NotInPaymentParticipantProfit) VALUES ('20aa4bfe-1bf4-6715-0da6-59a0c0702c31', N'Pets', -2008242492, -6, 0, 0, NULL)
INSERT dbo.PaymentCategory(Oid, Name, OptimisticLockField, GCRecord, ProfitByMaterial, CostByMaterial, NotInPaymentParticipantProfit) VALUES ('5388d57b-2c9e-6c0a-b644-6bc098520b79', N'Pets', -49, -1307371295, 1, 0, 0)
INSERT dbo.PaymentCategory(Oid, Name, OptimisticLockField, GCRecord, ProfitByMaterial, CostByMaterial, NotInPaymentParticipantProfit) VALUES ('54087c86-5a3b-77f9-a456-4fc3bbeea6ea', N'Food', -449727363, -2051304277, 1, 0, 0)
GO

--
-- Inserting data into table dbo.PaymentParticipant
--
INSERT dbo.PaymentParticipant(Oid, Balance, Name, OptimisticLockField, GCRecord, ObjectType, ActiveFrom, InactiveFrom, BankDetails, Balance2, Balance3) VALUES ('699acaa2-66da-563a-1702-ce5da15ac776', 16, N'LNQKQ9781P', -254926217, -1432851621, -463293378, '2002-09-30 05:54:45.980', '1975-06-25 11:30:55.040', N'LHJTV9979R', 39, 47)
INSERT dbo.PaymentParticipant(Oid, Balance, Name, OptimisticLockField, GCRecord, ObjectType, ActiveFrom, InactiveFrom, BankDetails, Balance2, Balance3) VALUES ('2f1172a9-1b5d-6fc4-777e-3e3b283cabde', 1, N'TZPBX7161K', -31, -1030416957, -1501329100, '2014-02-27 23:00:37.700', '1989-02-15 13:52:36.840', N'ELJHG5815K', 62, 37)
INSERT dbo.PaymentParticipant(Oid, Balance, Name, OptimisticLockField, GCRecord, ObjectType, ActiveFrom, InactiveFrom, BankDetails, Balance2, Balance3) VALUES ('2f8a5a0d-54fa-587b-5676-66508ad02725', 82, N'TXKKN1483R', -997859113, -1794334035, 67, '1999-09-15 02:41:33.610', '2004-11-15 05:40:08.310', N'HCECO1958L', 75, 6)
INSERT dbo.PaymentParticipant(Oid, Balance, Name, OptimisticLockField, GCRecord, ObjectType, ActiveFrom, InactiveFrom, BankDetails, Balance2, Balance3) VALUES ('6f0fc907-5bf7-6e28-ef96-94965a4eaa62', 60, N'NSTFD3526N', 460, NULL, -940489305, '2006-05-03 23:17:11.020', NULL, NULL, NULL, 15)
INSERT dbo.PaymentParticipant(Oid, Balance, Name, OptimisticLockField, GCRecord, ObjectType, ActiveFrom, InactiveFrom, BankDetails, Balance2, Balance3) VALUES ('5984fdaa-1e0e-68c7-3e2b-e89ea5388e0b', 60, N'GZSHY7839I', 9312, -1925050876, -1163814149, '1987-03-15 21:41:35.070', '1972-06-17 20:17:28.660', N'JAGFN5826P', 81, 77)
INSERT dbo.PaymentParticipant(Oid, Balance, Name, OptimisticLockField, GCRecord, ObjectType, ActiveFrom, InactiveFrom, BankDetails, Balance2, Balance3) VALUES ('7e919581-5fd4-1caf-5776-66508ad02725', 8, N'CCLCL4513W', -1906251446, -997713899, -865590283, '1976-10-16 06:24:33.460', '1995-04-17 14:59:02.940', N'CFWHM7349L', 72, 68)
INSERT dbo.PaymentParticipant(Oid, Balance, Name, OptimisticLockField, GCRecord, ObjectType, ActiveFrom, InactiveFrom, BankDetails, Balance2, Balance3) VALUES ('5ebb6116-1627-3f70-0602-eefebbd653b8', 38, N'AKHTL2179M', 87, -1765423586, -8, '2012-09-18 09:50:10.780', '1986-12-06 12:45:16.150', N'WWRGY8818J', 9, 50)
INSERT dbo.PaymentParticipant(Oid, Balance, Name, OptimisticLockField, GCRecord, ObjectType, ActiveFrom, InactiveFrom, BankDetails, Balance2, Balance3) VALUES ('3a6dba26-6960-6953-d74b-16e575b61049', 82, N'LRCPD1125U', 3851, -1157183679, -1541817106, '2009-10-24 17:05:25.280', '1984-12-31 11:49:15.230', N'FRSCH4392I', 47, 38)
INSERT dbo.PaymentParticipant(Oid, Balance, Name, OptimisticLockField, GCRecord, ObjectType, ActiveFrom, InactiveFrom, BankDetails, Balance2, Balance3) VALUES ('751604f5-1e51-6d47-3f2b-e89ea5388e0b', 80, N'ABYLL1214R', -883264385, 79, -2036831691, '1973-03-12 00:00:23.400', '1989-07-14 19:22:07.320', N'OPGJT1785J', 7, 3)
INSERT dbo.PaymentParticipant(Oid, Balance, Name, OptimisticLockField, GCRecord, ObjectType, ActiveFrom, InactiveFrom, BankDetails, Balance2, Balance3) VALUES ('5f0a8444-3de1-3f02-eeb6-6f4dd73eba9e', 53, N'BAJTD1582L', -583307337, 87, -361358126, '1985-03-21 14:31:54.780', '1984-10-28 04:44:05.630', N'MRLCS2367H', 8, 63)
INSERT dbo.PaymentParticipant(Oid, Balance, Name, OptimisticLockField, GCRecord, ObjectType, ActiveFrom, InactiveFrom, BankDetails, Balance2, Balance3) VALUES ('4abdf3c0-7507-7423-304d-4c0f86f26090', 43, N'FFFLN7464X', 5348, -1377813044, -1764359293, '1996-04-11 20:33:29.090', '2005-12-17 23:18:46.310', N'ZUQBH4439H', 87, 21)
INSERT dbo.PaymentParticipant(Oid, Balance, Name, OptimisticLockField, GCRecord, ObjectType, ActiveFrom, InactiveFrom, BankDetails, Balance2, Balance3) VALUES ('228bfc03-38db-4741-f096-94965a4eaa62', 77, N'GZZPK5323C', -780117874, -98, 9, '1995-01-12 12:32:15.540', '2016-04-09 15:32:51.890', N'KENPT5778P', 39, 57)
INSERT dbo.PaymentParticipant(Oid, Balance, Name, OptimisticLockField, GCRecord, ObjectType, ActiveFrom, InactiveFrom, BankDetails, Balance2, Balance3) VALUES ('26c1e1f8-3a26-53fe-5876-66508ad02725', 58, N'PBTGK5391F', 7742, -8177, -298, '2013-06-15 11:07:04.110', '1987-07-16 00:16:01.120', N'INKTI4845G', 24, 16)
INSERT dbo.PaymentParticipant(Oid, Balance, Name, OptimisticLockField, GCRecord, ObjectType, ActiveFrom, InactiveFrom, BankDetails, Balance2, Balance3) VALUES ('49bdab11-1115-7150-d84b-16e575b61049', 71, N'UHXGY3651W', -395294466, 0, -1309034076, '2003-04-19 08:27:40.010', '2016-05-19 16:47:05.120', N'SUPFD2762E', 25, 70)
INSERT dbo.PaymentParticipant(Oid, Balance, Name, OptimisticLockField, GCRecord, ObjectType, ActiveFrom, InactiveFrom, BankDetails, Balance2, Balance3) VALUES ('397bc919-4888-5ab2-402b-e89ea5388e0b', 1, N'WQZCT1663Z', 710, -1120600405, -1406400249, '1999-08-21 11:14:21.160', '1970-07-08 14:18:13.080', N'BASLE6622Y', 27, 48)
INSERT dbo.PaymentParticipant(Oid, Balance, Name, OptimisticLockField, GCRecord, ObjectType, ActiveFrom, InactiveFrom, BankDetails, Balance2, Balance3) VALUES ('24fee4c1-709c-79d6-1802-ce5da15ac776', 99, N'JMFKY1615I', -1682896328, -231, -1937522438, '2019-04-10 19:45:22.330', '2009-09-13 07:06:04.500', N'DOPGF7312X', 10, 24)
INSERT dbo.PaymentParticipant(Oid, Balance, Name, OptimisticLockField, GCRecord, ObjectType, ActiveFrom, InactiveFrom, BankDetails, Balance2, Balance3) VALUES ('244bd1b5-7428-4b87-0702-eefebbd653b8', 21, N'TDNAV1118M', -837065396, -269, -788164678, '1974-12-15 00:46:53.600', '2008-05-12 02:37:39.460', N'AESPC1546G', 69, 22)
INSERT dbo.PaymentParticipant(Oid, Balance, Name, OptimisticLockField, GCRecord, ObjectType, ActiveFrom, InactiveFrom, BankDetails, Balance2, Balance3) VALUES ('6c4c1f9b-1644-2620-5976-66508ad02725', 16, N'FGYFK7131B', -2064525449, -1487623419, -1806017762, '1991-05-07 05:10:34.480', '2006-12-24 03:22:39.710', N'SWULZ8471V', 53, 6)
INSERT dbo.PaymentParticipant(Oid, Balance, Name, OptimisticLockField, GCRecord, ObjectType, ActiveFrom, InactiveFrom, BankDetails, Balance2, Balance3) VALUES ('481c748b-2a85-2a28-efb6-6f4dd73eba9e', 9, N'CPOGW8574Z', -1957096286, -1728225444, 61, '2009-05-31 04:08:48.710', '2014-02-06 16:55:55.070', N'WTXCP2443I', 21, 67)
INSERT dbo.PaymentParticipant(Oid, Balance, Name, OptimisticLockField, GCRecord, ObjectType, ActiveFrom, InactiveFrom, BankDetails, Balance2, Balance3) VALUES ('1e3453a2-3ef5-5f70-8dc9-bcec0cd444f8', 63, N'BRFJC4523Z', 9, NULL, -1214754137, '1979-03-22 03:08:00.020', NULL, NULL, NULL, 26)
INSERT dbo.PaymentParticipant(Oid, Balance, Name, OptimisticLockField, GCRecord, ObjectType, ActiveFrom, InactiveFrom, BankDetails, Balance2, Balance3) VALUES ('499200b3-46a5-60a7-f196-94965a4eaa62', 33, N'TBEKY5243Z', -1883059763, -560, NULL, '2005-02-13 07:40:52.730', '1992-01-07 16:26:09.820', N'SYPCC7594Y', 17, NULL)
INSERT dbo.PaymentParticipant(Oid, Balance, Name, OptimisticLockField, GCRecord, ObjectType, ActiveFrom, InactiveFrom, BankDetails, Balance2, Balance3) VALUES ('14735d5d-67ff-5dad-412b-e89ea5388e0b', 50, N'PSYLZ5529F', -919675575, -499394584, -713630034, '1992-04-12 18:34:02.730', '1985-12-30 13:57:44.820', N'ZRUFW2361G', 26, 76)
INSERT dbo.PaymentParticipant(Oid, Balance, Name, OptimisticLockField, GCRecord, ObjectType, ActiveFrom, InactiveFrom, BankDetails, Balance2, Balance3) VALUES ('1b3166b4-1301-5956-5a76-66508ad02725', 6, N'LGVJH8593Y', -36, -68, -261, '1981-07-23 04:32:44.060', '1990-12-07 16:23:03.050', N'ZMHHV9544U', 9, 24)
INSERT dbo.PaymentParticipant(Oid, Balance, Name, OptimisticLockField, GCRecord, ObjectType, ActiveFrom, InactiveFrom, BankDetails, Balance2, Balance3) VALUES ('5aa02579-73ed-23cd-314d-4c0f86f26090', 62, N'QYUFG4318K', -568575712, 33, -290433946, '1976-12-10 12:35:49.450', '1992-08-19 04:08:10.540', N'ROQGF3993Q', 72, 52)
INSERT dbo.PaymentParticipant(Oid, Balance, Name, OptimisticLockField, GCRecord, ObjectType, ActiveFrom, InactiveFrom, BankDetails, Balance2, Balance3) VALUES ('3f22df3a-3b15-3b5a-787e-3e3b283cabde', 8, N'DUKKQ8752Z', -719083019, -838133017, NULL, '1978-01-01 12:47:59.110', '1973-02-23 03:34:41.310', N'XUQPN2174V', 10, NULL)
INSERT dbo.PaymentParticipant(Oid, Balance, Name, OptimisticLockField, GCRecord, ObjectType, ActiveFrom, InactiveFrom, BankDetails, Balance2, Balance3) VALUES ('669afd3f-720a-6e34-1902-ce5da15ac776', NULL, NULL, NULL, -2024878791, -282393077, NULL, '2015-06-06 10:42:18.390', N'RYXAH8298S', 48, 24)
INSERT dbo.PaymentParticipant(Oid, Balance, Name, OptimisticLockField, GCRecord, ObjectType, ActiveFrom, InactiveFrom, BankDetails, Balance2, Balance3) VALUES ('5f00c41b-39dc-51ee-0802-eefebbd653b8', 72, N'UULCJ7636Y', -2005, -2089407047, -52579373, '2004-04-10 10:41:37.020', '1974-03-25 11:58:28.690', N'TSRHG6592Q', 88, 4)
INSERT dbo.PaymentParticipant(Oid, Balance, Name, OptimisticLockField, GCRecord, ObjectType, ActiveFrom, InactiveFrom, BankDetails, Balance2, Balance3) VALUES ('336d8f99-255d-646e-f0b6-6f4dd73eba9e', NULL, NULL, NULL, -371, -1047813450, NULL, '1976-07-23 10:43:44.140', N'HJWLG5738J', 8, 98)
INSERT dbo.PaymentParticipant(Oid, Balance, Name, OptimisticLockField, GCRecord, ObjectType, ActiveFrom, InactiveFrom, BankDetails, Balance2, Balance3) VALUES ('66a18612-296a-25b0-d94b-16e575b61049', 4, N'MMWGN7162C', -1246720837, -1960726208, -44349581, '2012-07-02 08:24:45.920', '1998-08-26 05:23:33.990', N'DXUGI3698P', 9, 70)
INSERT dbo.PaymentParticipant(Oid, Balance, Name, OptimisticLockField, GCRecord, ObjectType, ActiveFrom, InactiveFrom, BankDetails, Balance2, Balance3) VALUES ('7a311573-456f-56e3-0902-eefebbd653b8', 66, N'RORCI3739E', -7, -164353808, -1614371650, '1998-09-21 12:46:46.520', '1977-06-19 22:13:15.050', N'ETSCC2585O', 48, 8)
INSERT dbo.PaymentParticipant(Oid, Balance, Name, OptimisticLockField, GCRecord, ObjectType, ActiveFrom, InactiveFrom, BankDetails, Balance2, Balance3) VALUES ('1a361dba-2edd-6ebd-324d-4c0f86f26090', 33, N'WODGO3283T', -2018875483, 7, -404426929, '1996-02-09 07:16:30.030', '2007-06-06 16:05:01.860', N'LLTJC2768P', 75, 83)
INSERT dbo.PaymentParticipant(Oid, Balance, Name, OptimisticLockField, GCRecord, ObjectType, ActiveFrom, InactiveFrom, BankDetails, Balance2, Balance3) VALUES ('36ce1756-1d21-7373-f1b6-6f4dd73eba9e', 6, N'LFUKZ3721C', -1437852687, 751, -478389713, '1987-06-01 17:26:56.210', '1973-07-25 11:56:09.540', N'VVECX6839T', 1, 24)
INSERT dbo.PaymentParticipant(Oid, Balance, Name, OptimisticLockField, GCRecord, ObjectType, ActiveFrom, InactiveFrom, BankDetails, Balance2, Balance3) VALUES ('284445b2-65be-4f66-422b-e89ea5388e0b', 62, N'GNXAU6726K', -1833416339, -890363848, -337335572, '1971-05-10 01:46:11.910', '2005-07-22 02:20:46.980', N'TFMBG1123N', 63, 25)
INSERT dbo.PaymentParticipant(Oid, Balance, Name, OptimisticLockField, GCRecord, ObjectType, ActiveFrom, InactiveFrom, BankDetails, Balance2, Balance3) VALUES ('4f7021f5-7800-11be-0a02-eefebbd653b8', 40, N'HRLHJ6584N', -779472370, -53701857, -3329, '1971-08-20 23:16:50.740', '1978-12-31 08:53:51.530', N'EZEPM1515J', 27, 52)
INSERT dbo.PaymentParticipant(Oid, Balance, Name, OptimisticLockField, GCRecord, ObjectType, ActiveFrom, InactiveFrom, BankDetails, Balance2, Balance3) VALUES ('43624c49-472d-4810-f296-94965a4eaa62', 74, N'ABETE6349T', -92204209, -1769301196, -585691371, '1986-01-11 13:05:56.860', '2018-02-11 18:01:58.560', N'WVBTO5449D', 57, 48)
INSERT dbo.PaymentParticipant(Oid, Balance, Name, OptimisticLockField, GCRecord, ObjectType, ActiveFrom, InactiveFrom, BankDetails, Balance2, Balance3) VALUES ('36460dcf-323b-1391-8ec9-bcec0cd444f8', 59, N'HNCJT1733T', -1989361277, -1052188259, -643386522, '1974-09-20 04:14:47.530', '1973-12-28 17:38:00.900', N'MQGGJ8615T', 63, 74)
INSERT dbo.PaymentParticipant(Oid, Balance, Name, OptimisticLockField, GCRecord, ObjectType, ActiveFrom, InactiveFrom, BankDetails, Balance2, Balance3) VALUES ('69619ef2-1249-20fa-797e-3e3b283cabde', 51, N'UUZPU9959P', -911597340, -326886560, -1713443516, '1976-03-16 05:58:18.270', '2005-06-13 14:43:41.810', N'IVVAC6719Z', 39, 26)
INSERT dbo.PaymentParticipant(Oid, Balance, Name, OptimisticLockField, GCRecord, ObjectType, ActiveFrom, InactiveFrom, BankDetails, Balance2, Balance3) VALUES ('61e25755-3de1-1adf-8fc9-bcec0cd444f8', 40, N'PWETI7579I', -5701, -335207885, NULL, '1994-09-07 02:01:22.990', '1992-02-08 12:43:39.490', N'VFGCI6694Q', 60, NULL)
INSERT dbo.PaymentParticipant(Oid, Balance, Name, OptimisticLockField, GCRecord, ObjectType, ActiveFrom, InactiveFrom, BankDetails, Balance2, Balance3) VALUES ('1259a17c-69e8-7a1c-da4b-16e575b61049', 61, N'CYBGN3568Y', -1239403114, -807249409, -1277036079, '1999-12-22 00:45:28.720', '1990-04-01 07:12:04.160', N'DRHKF9924O', 71, 39)
INSERT dbo.PaymentParticipant(Oid, Balance, Name, OptimisticLockField, GCRecord, ObjectType, ActiveFrom, InactiveFrom, BankDetails, Balance2, Balance3) VALUES ('7959e1dd-2e0b-4306-7a7e-3e3b283cabde', 24, N'DUMBN9791Q', -1345648479, -674764348, -137745753, '1971-05-05 08:44:35.770', '2008-04-03 10:18:02.300', N'PDLPT8315U', 18, 27)
INSERT dbo.PaymentParticipant(Oid, Balance, Name, OptimisticLockField, GCRecord, ObjectType, ActiveFrom, InactiveFrom, BankDetails, Balance2, Balance3) VALUES ('36a4260a-7f6c-2ec6-f2b6-6f4dd73eba9e', 5, N'DPQPN5615P', 8, NULL, -1806418232, '2014-05-01 06:33:51.350', NULL, NULL, NULL, 39)
INSERT dbo.PaymentParticipant(Oid, Balance, Name, OptimisticLockField, GCRecord, ObjectType, ActiveFrom, InactiveFrom, BankDetails, Balance2, Balance3) VALUES ('5e306560-6b07-2cdf-5b76-66508ad02725', 53, N'EOVTY6373H', -1238043340, -497018496, -363070903, '2018-09-07 13:42:35.040', '1970-08-18 07:22:27.770', N'QHJKR3925U', 65, 76)
INSERT dbo.PaymentParticipant(Oid, Balance, Name, OptimisticLockField, GCRecord, ObjectType, ActiveFrom, InactiveFrom, BankDetails, Balance2, Balance3) VALUES ('1a591774-4565-7236-90c9-bcec0cd444f8', 65, N'NKNPR8358E', -5, -534726462, -2120990603, '1975-01-27 15:02:57.490', '1995-07-19 19:04:44.680', N'CXLBV2333T', 23, 97)
INSERT dbo.PaymentParticipant(Oid, Balance, Name, OptimisticLockField, GCRecord, ObjectType, ActiveFrom, InactiveFrom, BankDetails, Balance2, Balance3) VALUES ('66b0e9ee-53c2-4a98-432b-e89ea5388e0b', 46, N'CPUTN6236L', -59129593, -1089280074, -444359426, '1980-05-26 09:38:11.540', '2015-12-10 21:06:49.050', N'OFMPP2289S', 35, 62)
INSERT dbo.PaymentParticipant(Oid, Balance, Name, OptimisticLockField, GCRecord, ObjectType, ActiveFrom, InactiveFrom, BankDetails, Balance2, Balance3) VALUES ('51d8cc33-7be1-161f-f396-94965a4eaa62', 22, N'ZMTTI6653N', -1804208909, 6532, 7, '1979-11-10 02:32:19.320', '2012-04-20 15:10:59.910', N'QZYLH7629H', 38, 58)
INSERT dbo.PaymentParticipant(Oid, Balance, Name, OptimisticLockField, GCRecord, ObjectType, ActiveFrom, InactiveFrom, BankDetails, Balance2, Balance3) VALUES ('1257615f-5ea8-6cd9-0b02-eefebbd653b8', NULL, NULL, NULL, 1, NULL, NULL, '2018-12-21 10:21:15.250', N'QDPCB3515N', 26, NULL)
INSERT dbo.PaymentParticipant(Oid, Balance, Name, OptimisticLockField, GCRecord, ObjectType, ActiveFrom, InactiveFrom, BankDetails, Balance2, Balance3) VALUES ('37e456ed-14a3-6717-f3b6-6f4dd73eba9e', 16, N'DYDPX1799Y', -751, -102410662, -2054508932, '1974-02-06 23:38:29.580', '1996-11-04 06:28:09.620', N'EHHGE9116U', 62, 91)
INSERT dbo.PaymentParticipant(Oid, Balance, Name, OptimisticLockField, GCRecord, ObjectType, ActiveFrom, InactiveFrom, BankDetails, Balance2, Balance3) VALUES ('202cad24-4598-16cf-1a02-ce5da15ac776', 25, N'BSTLX8919Q', -898, NULL, -913965177, '1980-02-21 22:24:08.910', NULL, NULL, NULL, 89)
INSERT dbo.PaymentParticipant(Oid, Balance, Name, OptimisticLockField, GCRecord, ObjectType, ActiveFrom, InactiveFrom, BankDetails, Balance2, Balance3) VALUES ('58fc185f-1925-3117-334d-4c0f86f26090', 97, N'LCJPG4553R', 69, -1640056529, NULL, '1975-10-06 03:16:32.960', '2003-05-25 04:50:54.050', N'BDHLS1339B', 87, NULL)
INSERT dbo.PaymentParticipant(Oid, Balance, Name, OptimisticLockField, GCRecord, ObjectType, ActiveFrom, InactiveFrom, BankDetails, Balance2, Balance3) VALUES ('2dc6dc0b-307b-3bde-5c76-66508ad02725', 68, N'AWNTW1499Y', -5, -1726512000, -164238798, '2013-05-07 08:23:31.980', '1997-09-28 14:20:20.280', N'ANDFC1942B', 68, 59)
GO

--
-- Inserting data into table dbo.Client
--
INSERT dbo.Client(Oid, FirstName, SecondName, Phone) VALUES ('2dc6dc0b-307b-3bde-5c76-66508ad02725', N'Elwood', N'Coleman', N'(877) 128-5657')
INSERT dbo.Client(Oid, FirstName, SecondName, Phone) VALUES ('66b0e9ee-53c2-4a98-432b-e89ea5388e0b', NULL, NULL, NULL)
INSERT dbo.Client(Oid, FirstName, SecondName, Phone) VALUES ('7e919581-5fd4-1caf-5776-66508ad02725', N'Lindsey', N'Fife', N'(615) 958-2687')
INSERT dbo.Client(Oid, FirstName, SecondName, Phone) VALUES ('699acaa2-66da-563a-1702-ce5da15ac776', N'Deedra', N'Severson', N'(904) 187-6158')
INSERT dbo.Client(Oid, FirstName, SecondName, Phone) VALUES ('1259a17c-69e8-7a1c-da4b-16e575b61049', N'Rayford', N'Turney', N'(389) 664-8463')
INSERT dbo.Client(Oid, FirstName, SecondName, Phone) VALUES ('4f7021f5-7800-11be-0a02-eefebbd653b8', N'Sonny', N'Mattox', N'(224) 768-0727')
INSERT dbo.Client(Oid, FirstName, SecondName, Phone) VALUES ('36ce1756-1d21-7373-f1b6-6f4dd73eba9e', N'Hope', N'Seward', N'(434) 643-2196')
INSERT dbo.Client(Oid, FirstName, SecondName, Phone) VALUES ('37e456ed-14a3-6717-f3b6-6f4dd73eba9e', N'Chandra', N'Turpin', N'(339) 239-5458')
INSERT dbo.Client(Oid, FirstName, SecondName, Phone) VALUES ('5ebb6116-1627-3f70-0602-eefebbd653b8', N'Charolette', N'Kelsey', N'(402) 533-4967')
INSERT dbo.Client(Oid, FirstName, SecondName, Phone) VALUES ('49bdab11-1115-7150-d84b-16e575b61049', N'Kim', N'Mattson', N'(326) 891-3864')
INSERT dbo.Client(Oid, FirstName, SecondName, Phone) VALUES ('51d8cc33-7be1-161f-f396-94965a4eaa62', N'Randolph', N'Overby', N'(685) 825-8109')
INSERT dbo.Client(Oid, FirstName, SecondName, Phone) VALUES ('7959e1dd-2e0b-4306-7a7e-3e3b283cabde', N'Jonah', N'Rushing', N'(791) 539-4168')
INSERT dbo.Client(Oid, FirstName, SecondName, Phone) VALUES ('202cad24-4598-16cf-1a02-ce5da15ac776', N'Adah', N'Cosgrove', N'(266) 681-8929')
INSERT dbo.Client(Oid, FirstName, SecondName, Phone) VALUES ('5f00c41b-39dc-51ee-0802-eefebbd653b8', N'Bernard', N'Bohn', N'(892) 490-6962')
INSERT dbo.Client(Oid, FirstName, SecondName, Phone) VALUES ('1257615f-5ea8-6cd9-0b02-eefebbd653b8', N'Antonia', N'Kelso', N'(883) 613-5067')
INSERT dbo.Client(Oid, FirstName, SecondName, Phone) VALUES ('43624c49-472d-4810-f296-94965a4eaa62', N'Jean', N'Mauldin', N'(284) 669-3516')
INSERT dbo.Client(Oid, FirstName, SecondName, Phone) VALUES ('2f1172a9-1b5d-6fc4-777e-3e3b283cabde', NULL, NULL, NULL)
INSERT dbo.Client(Oid, FirstName, SecondName, Phone) VALUES ('36a4260a-7f6c-2ec6-f2b6-6f4dd73eba9e', N'Vincenzo', N'Overstreet', N'(596) 640-1634')
INSERT dbo.Client(Oid, FirstName, SecondName, Phone) VALUES ('1e3453a2-3ef5-5f70-8dc9-bcec0cd444f8', N'Isaac', N'Russ', N'(229) 509-0022')
INSERT dbo.Client(Oid, FirstName, SecondName, Phone) VALUES ('36460dcf-323b-1391-8ec9-bcec0cd444f8', N'Terry', N'Coles', N'(905) 230-0670')
INSERT dbo.Client(Oid, FirstName, SecondName, Phone) VALUES ('3a6dba26-6960-6953-d74b-16e575b61049', NULL, NULL, NULL)
INSERT dbo.Client(Oid, FirstName, SecondName, Phone) VALUES ('284445b2-65be-4f66-422b-e89ea5388e0b', N'Gerry', N'Sewell', N'(726) 780-7028')
INSERT dbo.Client(Oid, FirstName, SecondName, Phone) VALUES ('2f8a5a0d-54fa-587b-5676-66508ad02725', N'Bernardina', N'Tuttle', N'(323) 129-1050')
INSERT dbo.Client(Oid, FirstName, SecondName, Phone) VALUES ('751604f5-1e51-6d47-3f2b-e89ea5388e0b', N'Kent', N'Sexton', N'(709) 214-4070')
INSERT dbo.Client(Oid, FirstName, SecondName, Phone) VALUES ('6f0fc907-5bf7-6e28-ef96-94965a4eaa62', N'Adolph', N'Tyler', N'(906) 068-8306')
INSERT dbo.Client(Oid, FirstName, SecondName, Phone) VALUES ('58fc185f-1925-3117-334d-4c0f86f26090', N'Leif', N'Boisvert', N'(190) 627-1641')
INSERT dbo.Client(Oid, FirstName, SecondName, Phone) VALUES ('397bc919-4888-5ab2-402b-e89ea5388e0b', N'Adan', N'Kemp', N'(175) 057-8554')
INSERT dbo.Client(Oid, FirstName, SecondName, Phone) VALUES ('5f0a8444-3de1-3f02-eeb6-6f4dd73eba9e', N'Kathey', N'Maupin', N'(889) 518-4429')
INSERT dbo.Client(Oid, FirstName, SecondName, Phone) VALUES ('336d8f99-255d-646e-f0b6-6f4dd73eba9e', N'Felisa', N'Coley', N'(173) 393-4530')
INSERT dbo.Client(Oid, FirstName, SecondName, Phone) VALUES ('1b3166b4-1301-5956-5a76-66508ad02725', N'Rachele', N'Kemper', N'(642) 688-5246')
INSERT dbo.Client(Oid, FirstName, SecondName, Phone) VALUES ('5e306560-6b07-2cdf-5b76-66508ad02725', N'Adaline', N'Overton', N'(531) 501-8295')
INSERT dbo.Client(Oid, FirstName, SecondName, Phone) VALUES ('69619ef2-1249-20fa-797e-3e3b283cabde', N'Maynard', N'Figueroa', N'(547) 074-8716')
INSERT dbo.Client(Oid, FirstName, SecondName, Phone) VALUES ('5984fdaa-1e0e-68c7-3e2b-e89ea5388e0b', N'Dwain', N'Costa', N'(559) 287-6791')
INSERT dbo.Client(Oid, FirstName, SecondName, Phone) VALUES ('4abdf3c0-7507-7423-304d-4c0f86f26090', N'Karine', N'Seymore', N'(831) 860-1449')
INSERT dbo.Client(Oid, FirstName, SecondName, Phone) VALUES ('499200b3-46a5-60a7-f196-94965a4eaa62', N'Cordell', N'Russell', N'(117) 729-0477')
INSERT dbo.Client(Oid, FirstName, SecondName, Phone) VALUES ('1a591774-4565-7236-90c9-bcec0cd444f8', N'Chana', N'Owen', N'(159) 534-8146')
INSERT dbo.Client(Oid, FirstName, SecondName, Phone) VALUES ('66a18612-296a-25b0-d94b-16e575b61049', N'Kelsi', N'Boland', N'(512) 822-2246')
INSERT dbo.Client(Oid, FirstName, SecondName, Phone) VALUES ('24fee4c1-709c-79d6-1802-ce5da15ac776', N'Lester', N'Tyner', N'(723) 868-2413')
INSERT dbo.Client(Oid, FirstName, SecondName, Phone) VALUES ('5aa02579-73ed-23cd-314d-4c0f86f26090', N'Adria', N'Finch', N'(106) 109-6937')
INSERT dbo.Client(Oid, FirstName, SecondName, Phone) VALUES ('14735d5d-67ff-5dad-412b-e89ea5388e0b', N'David', N'Seymour', N'(843) 443-5571')
INSERT dbo.Client(Oid, FirstName, SecondName, Phone) VALUES ('7a311573-456f-56e3-0902-eefebbd653b8', N'Ferne', N'Costello', N'(286) 642-2495')
INSERT dbo.Client(Oid, FirstName, SecondName, Phone) VALUES ('3f22df3a-3b15-3b5a-787e-3e3b283cabde', N'Kent', N'Collado', N'(464) 427-2112')
INSERT dbo.Client(Oid, FirstName, SecondName, Phone) VALUES ('61e25755-3de1-1adf-8fc9-bcec0cd444f8', N'Kizzy', N'Tyree', N'(682) 404-3526')
INSERT dbo.Client(Oid, FirstName, SecondName, Phone) VALUES ('1a361dba-2edd-6ebd-324d-4c0f86f26090', N'Alanna', N'Russo', N'(155) 159-0140')
INSERT dbo.Client(Oid, FirstName, SecondName, Phone) VALUES ('244bd1b5-7428-4b87-0702-eefebbd653b8', N'Reatha', N'Maurer', N'(248) 158-1877')
INSERT dbo.Client(Oid, FirstName, SecondName, Phone) VALUES ('669afd3f-720a-6e34-1902-ce5da15ac776', N'Theron', N'Kendall', N'(648) 376-0672')
INSERT dbo.Client(Oid, FirstName, SecondName, Phone) VALUES ('228bfc03-38db-4741-f096-94965a4eaa62', N'Jodee', N'Mauro', N'(890) 191-4526')
INSERT dbo.Client(Oid, FirstName, SecondName, Phone) VALUES ('6c4c1f9b-1644-2620-5976-66508ad02725', N'Raven', N'Owens', N'(103) 512-5221')
INSERT dbo.Client(Oid, FirstName, SecondName, Phone) VALUES ('26c1e1f8-3a26-53fe-5876-66508ad02725', N'Ronda', N'Rust', N'(312) 593-2034')
INSERT dbo.Client(Oid, FirstName, SecondName, Phone) VALUES ('481c748b-2a85-2a28-efb6-6f4dd73eba9e', N'Cody', N'Shackelford', N'(298) 926-2969')
GO

--
-- Inserting data into table dbo.Employee
--
INSERT dbo.Employee(Oid, BusyUntil, SecondName, Stuff, HourPrice, Patronymic, PlanfixId, Head, PlanfixMoneyRequestTask) VALUES ('43624c49-472d-4810-f296-94965a4eaa62', '2010-08-21 08:24:06.630', N'Sousa', -391015816, 1999, N'1ZP9U3B3F', 1, '1e3453a2-3ef5-5f70-8dc9-bcec0cd444f8', N'3')
INSERT dbo.Employee(Oid, BusyUntil, SecondName, Stuff, HourPrice, Patronymic, PlanfixId, Head, PlanfixMoneyRequestTask) VALUES ('2dc6dc0b-307b-3bde-5c76-66508ad02725', '1982-10-19 07:46:49.740', N'Welker', -616262821, 1903, N'1R8JR9K8X09X0623723033L629L3W63C26G8ZY369VZ66VZSF0012P5MI037QU262BR63R3H', 2, '36ce1756-1d21-7373-f1b6-6f4dd73eba9e', N'863S39')
INSERT dbo.Employee(Oid, BusyUntil, SecondName, Stuff, HourPrice, Patronymic, PlanfixId, Head, PlanfixMoneyRequestTask) VALUES ('1257615f-5ea8-6cd9-0b02-eefebbd653b8', '1989-05-30 12:49:10.010', N'Douglass', -4122, 115, N'OK2XVQX1ULF345708Y6658CO6U02S7FKB6C5F0BH77H4A9G3MI6HJGZ539A01JDEW8N7T954', 3, NULL, NULL)
INSERT dbo.Employee(Oid, BusyUntil, SecondName, Stuff, HourPrice, Patronymic, PlanfixId, Head, PlanfixMoneyRequestTask) VALUES ('14735d5d-67ff-5dad-412b-e89ea5388e0b', NULL, NULL, NULL, NULL, NULL, 4, '284445b2-65be-4f66-422b-e89ea5388e0b', N'1K2M6M018K73F7S')
INSERT dbo.Employee(Oid, BusyUntil, SecondName, Stuff, HourPrice, Patronymic, PlanfixId, Head, PlanfixMoneyRequestTask) VALUES ('5984fdaa-1e0e-68c7-3e2b-e89ea5388e0b', '1982-03-21 01:47:43.330', N'Pittman', 6717, 756, N'7YLLXP58E3R4778', 5, '5f00c41b-39dc-51ee-0802-eefebbd653b8', N'36L121G02H0RIE2')
INSERT dbo.Employee(Oid, BusyUntil, SecondName, Stuff, HourPrice, Patronymic, PlanfixId, Head, PlanfixMoneyRequestTask) VALUES ('4abdf3c0-7507-7423-304d-4c0f86f26090', '2012-10-11 04:06:13.330', N'Godwin', -1845662322, 1030, N'89Y4W', 6, '1e3453a2-3ef5-5f70-8dc9-bcec0cd444f8', N'70901I03W')
INSERT dbo.Employee(Oid, BusyUntil, SecondName, Stuff, HourPrice, Patronymic, PlanfixId, Head, PlanfixMoneyRequestTask) VALUES ('5aa02579-73ed-23cd-314d-4c0f86f26090', '1993-09-08 23:50:40.010', N'Loveless', -358640399, 586, N'8CQL9', 7, '14735d5d-67ff-5dad-412b-e89ea5388e0b', N'T705H0T18O998')
INSERT dbo.Employee(Oid, BusyUntil, SecondName, Stuff, HourPrice, Patronymic, PlanfixId, Head, PlanfixMoneyRequestTask) VALUES ('58fc185f-1925-3117-334d-4c0f86f26090', '1991-09-20 03:28:39.050', N'South', -1879078749, 1642, N'6D02RRCDE142QX9YL52JLZS6314LV6E4QX5W4484NN87378859PA23EEN8WZTL46190FE12908KWD52051I03H5YAQUAG76SJNUG', 8, '699acaa2-66da-563a-1702-ce5da15ac776', N'465K8Y93FG6EG391H6PPAOY2UOX1GP80VCA')
INSERT dbo.Employee(Oid, BusyUntil, SecondName, Stuff, HourPrice, Patronymic, PlanfixId, Head, PlanfixMoneyRequestTask) VALUES ('244bd1b5-7428-4b87-0702-eefebbd653b8', '1996-08-31 22:09:39.960', N'Bobbitt', -1450989276, 1282, N'BBUN8IQ68MV3', 9, '397bc919-4888-5ab2-402b-e89ea5388e0b', N'8CP063')
INSERT dbo.Employee(Oid, BusyUntil, SecondName, Stuff, HourPrice, Patronymic, PlanfixId, Head, PlanfixMoneyRequestTask) VALUES ('228bfc03-38db-4741-f096-94965a4eaa62', '2017-08-04 10:53:48.790', N'Dove', -468759293, 883, N'17', 10, '336d8f99-255d-646e-f0b6-6f4dd73eba9e', N'HA')
INSERT dbo.Employee(Oid, BusyUntil, SecondName, Stuff, HourPrice, Patronymic, PlanfixId, Head, PlanfixMoneyRequestTask) VALUES ('6c4c1f9b-1644-2620-5976-66508ad02725', '1973-07-16 20:31:04.910', N'Mena', -804943989, 1646, N'24ER2Q186LR5709LM55H2WP96AK37BZ4JA9R7ZH789FU8SK8856MVT87P485ETQSN9UT2A3J4U6P34L26N14JG9L9883935PZK32', 11, '481c748b-2a85-2a28-efb6-6f4dd73eba9e', N'09VS')
INSERT dbo.Employee(Oid, BusyUntil, SecondName, Stuff, HourPrice, Patronymic, PlanfixId, Head, PlanfixMoneyRequestTask) VALUES ('7a311573-456f-56e3-0902-eefebbd653b8', '1977-12-18 13:24:16.570', N'Pitts', -1627396220, 186, N'0NKEM744V6B0V885FX1LA18TE50T70ZF695LQX3QM', 12, '1a361dba-2edd-6ebd-324d-4c0f86f26090', N'O6T89K3HX')
INSERT dbo.Employee(Oid, BusyUntil, SecondName, Stuff, HourPrice, Patronymic, PlanfixId, Head, PlanfixMoneyRequestTask) VALUES ('7e919581-5fd4-1caf-5776-66508ad02725', NULL, NULL, NULL, NULL, NULL, 13, '4abdf3c0-7507-7423-304d-4c0f86f26090', N'1')
INSERT dbo.Employee(Oid, BusyUntil, SecondName, Stuff, HourPrice, Patronymic, PlanfixId, Head, PlanfixMoneyRequestTask) VALUES ('36a4260a-7f6c-2ec6-f2b6-6f4dd73eba9e', '2009-08-30 00:54:00.130', N'Cohn', -61, 601, N'I6RB786GI637415Y62LZU21T3CNWW4509KXJLURV35964HFV8Y', 14, '669afd3f-720a-6e34-1902-ce5da15ac776', N'NH')
INSERT dbo.Employee(Oid, BusyUntil, SecondName, Stuff, HourPrice, Patronymic, PlanfixId, Head, PlanfixMoneyRequestTask) VALUES ('699acaa2-66da-563a-1702-ce5da15ac776', '1979-05-02 07:16:20.610', N'Weller', -394673047, 435, N'77E4803J725Q8Y4', 15, '69619ef2-1249-20fa-797e-3e3b283cabde', N'14Y65V5TWJA65X74PI3EX6LAER979Y3E5VTEWLVOR1K')
INSERT dbo.Employee(Oid, BusyUntil, SecondName, Stuff, HourPrice, Patronymic, PlanfixId, Head, PlanfixMoneyRequestTask) VALUES ('37e456ed-14a3-6717-f3b6-6f4dd73eba9e', '2008-04-30 17:16:47.440', N'Bobo', -2037364754, 1872, N'PYPLT', 16, '3f22df3a-3b15-3b5a-787e-3e3b283cabde', N'6QA9P5GW5217L8EFC9H9K5GD9711H5V')
INSERT dbo.Employee(Oid, BusyUntil, SecondName, Stuff, HourPrice, Patronymic, PlanfixId, Head, PlanfixMoneyRequestTask) VALUES ('3f22df3a-3b15-3b5a-787e-3e3b283cabde', '1975-09-16 00:53:27.980', N'Southard', -1074134761, 821, N'20QXSA2N91IZ1WHTQ6FXC020A69683I603J56950662CCBG6DM7XT78SY1JYT4V2BR0TQELVEOLG97CZU8FE6CF71NJ81YEQ9EB8', 17, '4f7021f5-7800-11be-0a02-eefebbd653b8', N'L1D574022TRK41')
INSERT dbo.Employee(Oid, BusyUntil, SecondName, Stuff, HourPrice, Patronymic, PlanfixId, Head, PlanfixMoneyRequestTask) VALUES ('36460dcf-323b-1391-8ec9-bcec0cd444f8', '2021-02-17 00:13:40.380', N'Wellman', 0, 830, N'WQO66M2T', 18, NULL, NULL)
INSERT dbo.Employee(Oid, BusyUntil, SecondName, Stuff, HourPrice, Patronymic, PlanfixId, Head, PlanfixMoneyRequestTask) VALUES ('5ebb6116-1627-3f70-0602-eefebbd653b8', NULL, NULL, NULL, NULL, NULL, 19, NULL, NULL)
INSERT dbo.Employee(Oid, BusyUntil, SecondName, Stuff, HourPrice, Patronymic, PlanfixId, Head, PlanfixMoneyRequestTask) VALUES ('5e306560-6b07-2cdf-5b76-66508ad02725', '2002-04-03 22:01:04.280', N'Coker', -364797519, 555, N'04E19ZV3L4H6Q901UC059508K109YHK', 20, NULL, NULL)
INSERT dbo.Employee(Oid, BusyUntil, SecondName, Stuff, HourPrice, Patronymic, PlanfixId, Head, PlanfixMoneyRequestTask) VALUES ('51d8cc33-7be1-161f-f396-94965a4eaa62', '1993-07-05 18:43:23.060', N'Southerland', -1574211406, 445, N'6RLHZ93120OSD932K29RHRXIM0DR0BTXU8PG', 21, '43624c49-472d-4810-f296-94965a4eaa62', N'FH6DZKNSMT4MZ4P6')
INSERT dbo.Employee(Oid, BusyUntil, SecondName, Stuff, HourPrice, Patronymic, PlanfixId, Head, PlanfixMoneyRequestTask) VALUES ('69619ef2-1249-20fa-797e-3e3b283cabde', '2012-01-30 16:40:32.840', N'Wells', -1415257097, 947, N'6HDID1L7ZM8632S106M6769F34A5HOD64P50M5VDF4JG', 22, '5aa02579-73ed-23cd-314d-4c0f86f26090', N'6')
INSERT dbo.Employee(Oid, BusyUntil, SecondName, Stuff, HourPrice, Patronymic, PlanfixId, Head, PlanfixMoneyRequestTask) VALUES ('1a361dba-2edd-6ebd-324d-4c0f86f26090', '1976-09-29 00:09:35.770', N'Southern', -1712426144, 693, N'C', 23, '49bdab11-1115-7150-d84b-16e575b61049', N'9ZE1PAH476MIAI279N18T37SN8GR25BKKBM039U2FE02467RST3H899O1315VVZ5068FHAPRRJ683')
INSERT dbo.Employee(Oid, BusyUntil, SecondName, Stuff, HourPrice, Patronymic, PlanfixId, Head, PlanfixMoneyRequestTask) VALUES ('2f1172a9-1b5d-6fc4-777e-3e3b283cabde', '1971-09-29 07:18:20.610', N'Menard', -571079991, 214, N'306MA3RLDX9TX52535RJ1C', 24, '51d8cc33-7be1-161f-f396-94965a4eaa62', N'6ZN1941L3902652K04J1615P5C7IRVCR877')
INSERT dbo.Employee(Oid, BusyUntil, SecondName, Stuff, HourPrice, Patronymic, PlanfixId, Head, PlanfixMoneyRequestTask) VALUES ('1a591774-4565-7236-90c9-bcec0cd444f8', '2017-06-19 04:29:36.140', N'Bock', -185405645, 1316, N'1K14', 25, NULL, NULL)
INSERT dbo.Employee(Oid, BusyUntil, SecondName, Stuff, HourPrice, Patronymic, PlanfixId, Head, PlanfixMoneyRequestTask) VALUES ('3a6dba26-6960-6953-d74b-16e575b61049', '2020-05-04 15:13:01.850', N'Colbert', 8, 1637, N'LMECNSCJ253Y67M8I48336FB8YKNHIYJ3MW17O1KDY5221LX8ZHH3', 26, '26c1e1f8-3a26-53fe-5876-66508ad02725', N'02YGQC1W')
INSERT dbo.Employee(Oid, BusyUntil, SecondName, Stuff, HourPrice, Patronymic, PlanfixId, Head, PlanfixMoneyRequestTask) VALUES ('202cad24-4598-16cf-1a02-ce5da15ac776', '1973-04-11 04:42:30.990', N'Hurst', -845483662, 725, N'QARB0BHQ3F7P1M3Q6Y4L3N1530453420O8RH15XEQ2899LTKD38I2C1L0K4R016H205', 27, '4f7021f5-7800-11be-0a02-eefebbd653b8', N'K25PK5MBW8M79VM1F43TL')
INSERT dbo.Employee(Oid, BusyUntil, SecondName, Stuff, HourPrice, Patronymic, PlanfixId, Head, PlanfixMoneyRequestTask) VALUES ('2f8a5a0d-54fa-587b-5676-66508ad02725', '1984-02-25 15:44:52.800', N'Place', -799855023, 1603, N'982', 28, '481c748b-2a85-2a28-efb6-6f4dd73eba9e', N'VH324C97V21702QY1EV56FMS449YZ2SLTC2N52X742NZC94YM3E2A')
INSERT dbo.Employee(Oid, BusyUntil, SecondName, Stuff, HourPrice, Patronymic, PlanfixId, Head, PlanfixMoneyRequestTask) VALUES ('669afd3f-720a-6e34-1902-ce5da15ac776', '1971-06-05 12:16:16.510', N'Lovell', -1003131416, 1528, N'8FRO7HDG757LA69YUFD3B058UM09728676K158B', 29, '49bdab11-1115-7150-d84b-16e575b61049', N'7RGMOS5H402JX3B5DQ4I0B')
INSERT dbo.Employee(Oid, BusyUntil, SecondName, Stuff, HourPrice, Patronymic, PlanfixId, Head, PlanfixMoneyRequestTask) VALUES ('26c1e1f8-3a26-53fe-5876-66508ad02725', '2010-02-12 14:28:15.520', N'Goebel', 6415, 334, N'AGCL6Z', 30, '36ce1756-1d21-7373-f1b6-6f4dd73eba9e', N'38G3RP9775UVB5G76H9G4IV5FX')
INSERT dbo.Employee(Oid, BusyUntil, SecondName, Stuff, HourPrice, Patronymic, PlanfixId, Head, PlanfixMoneyRequestTask) VALUES ('481c748b-2a85-2a28-efb6-6f4dd73eba9e', '2021-07-18 18:11:33.820', N'Boehm', 20, 862, N'ZG8WX56HQOZEN51XC1I258R3KFT1W3E1070D56M322V1', 31, '49bdab11-1115-7150-d84b-16e575b61049', N'8H98L2E574KFLIXOF6BCXM')
INSERT dbo.Employee(Oid, BusyUntil, SecondName, Stuff, HourPrice, Patronymic, PlanfixId, Head, PlanfixMoneyRequestTask) VALUES ('49bdab11-1115-7150-d84b-16e575b61049', '2014-02-14 23:00:34.590', N'Welsh', -6309, 630, N'REUG4DT64IQ5XFN9A9', 32, '5ebb6116-1627-3f70-0602-eefebbd653b8', N'N7PIQY0V51D0B175BZ927RL8JL8GNYUBQT516')
INSERT dbo.Employee(Oid, BusyUntil, SecondName, Stuff, HourPrice, Patronymic, PlanfixId, Head, PlanfixMoneyRequestTask) VALUES ('1e3453a2-3ef5-5f70-8dc9-bcec0cd444f8', '1986-10-20 08:47:12.570', N'Hurt', -1626863389, 741, N'1F6', 33, '5f00c41b-39dc-51ee-0802-eefebbd653b8', N'MGZ7MX2MSFI9TFGT83QP93KY5YJH76DJ85KQFC07')
INSERT dbo.Employee(Oid, BusyUntil, SecondName, Stuff, HourPrice, Patronymic, PlanfixId, Head, PlanfixMoneyRequestTask) VALUES ('61e25755-3de1-1adf-8fc9-bcec0cd444f8', '1976-08-26 11:30:52.950', N'Mendenhall', 972, 704, N'X4V978CS9O7PEI45D6V677W0HBO3Q5TO5U3G7MASL', 34, '481c748b-2a85-2a28-efb6-6f4dd73eba9e', N'630636CYOJD0B')
INSERT dbo.Employee(Oid, BusyUntil, SecondName, Stuff, HourPrice, Patronymic, PlanfixId, Head, PlanfixMoneyRequestTask) VALUES ('751604f5-1e51-6d47-3f2b-e89ea5388e0b', '2020-09-24 02:09:53.700', NULL, -2062346695, 1199, N'3P0R5O8G', 35, '1a591774-4565-7236-90c9-bcec0cd444f8', N'PML2L5B8CO622W0T4MLCP02NM45KG21P4M33J06P09274MVU82IE94P82D71WKKE9024')
INSERT dbo.Employee(Oid, BusyUntil, SecondName, Stuff, HourPrice, Patronymic, PlanfixId, Head, PlanfixMoneyRequestTask) VALUES ('6f0fc907-5bf7-6e28-ef96-94965a4eaa62', '1979-04-05 00:46:20.620', N'Souza', -1138535064, 311, N'9QU9N0884', 36, '397bc919-4888-5ab2-402b-e89ea5388e0b', N'25O143MNU5D6A6DA26JEM46F5M6C3F6056NAYRJXDQ476451XC1TP0NL4Y7')
INSERT dbo.Employee(Oid, BusyUntil, SecondName, Stuff, HourPrice, Patronymic, PlanfixId, Head, PlanfixMoneyRequestTask) VALUES ('36ce1756-1d21-7373-f1b6-6f4dd73eba9e', '1972-06-03 10:19:15.030', N'Wendt', -251910699, 468, N'8487LZO2O54TBM40189A0S0643EC5OK4W8P8O8B0V', 37, '14735d5d-67ff-5dad-412b-e89ea5388e0b', N'OW2U14HC427YDY2186TI9Y718MQAKNH881JAYF6Q92')
INSERT dbo.Employee(Oid, BusyUntil, SecondName, Stuff, HourPrice, Patronymic, PlanfixId, Head, PlanfixMoneyRequestTask) VALUES ('5f00c41b-39dc-51ee-0802-eefebbd653b8', NULL, NULL, NULL, NULL, NULL, 38, '36ce1756-1d21-7373-f1b6-6f4dd73eba9e', N'3EWEF87YYRRUS')
INSERT dbo.Employee(Oid, BusyUntil, SecondName, Stuff, HourPrice, Patronymic, PlanfixId, Head, PlanfixMoneyRequestTask) VALUES ('284445b2-65be-4f66-422b-e89ea5388e0b', '1988-12-04 13:01:10.090', N'Colburn', -1608832123, 1378, N'357YW9VR55J5F7340787V6JIXGK', 39, '2f1172a9-1b5d-6fc4-777e-3e3b283cabde', N'K7B5H68H38P7E611Y')
INSERT dbo.Employee(Oid, BusyUntil, SecondName, Stuff, HourPrice, Patronymic, PlanfixId, Head, PlanfixMoneyRequestTask) VALUES ('5f0a8444-3de1-3f02-eeb6-6f4dd73eba9e', '1982-09-28 23:34:47.730', N'Bogan', -1463838595, 763, N'V41922DH9GQ1E7MY2Z626HGP7B7IO595FEQ4Z47N70Z9S9K7CNKVXT1', 40, '66b0e9ee-53c2-4a98-432b-e89ea5388e0b', N'UVRX40')
INSERT dbo.Employee(Oid, BusyUntil, SecondName, Stuff, HourPrice, Patronymic, PlanfixId, Head, PlanfixMoneyRequestTask) VALUES ('336d8f99-255d-646e-f0b6-6f4dd73eba9e', '2001-09-13 20:42:28.520', N'Dover', -1579804064, 579, N'8G470Q9B55U8P22T00F7', 41, '499200b3-46a5-60a7-f196-94965a4eaa62', N'12C3E9K92PT47959UD293HHXFBT12NZ4C84E9H9N1M7T57BX92ZD65042383')
INSERT dbo.Employee(Oid, BusyUntil, SecondName, Stuff, HourPrice, Patronymic, PlanfixId, Head, PlanfixMoneyRequestTask) VALUES ('397bc919-4888-5ab2-402b-e89ea5388e0b', '2015-05-26 23:15:32.350', N'Colby', -7023, 1904, N'6', 42, '499200b3-46a5-60a7-f196-94965a4eaa62', N'M4Q23Y46Y66B3UB01DM6PL6BW7U17G7I96LWWF0B5PUP')
INSERT dbo.Employee(Oid, BusyUntil, SecondName, Stuff, HourPrice, Patronymic, PlanfixId, Head, PlanfixMoneyRequestTask) VALUES ('66b0e9ee-53c2-4a98-432b-e89ea5388e0b', '1982-04-26 19:29:40.440', N'Plante', -175614216, 1290, N'WDB32340Y3Y89792D8184I97V0096I2BNN34917HCB8K77FEI4X18GEAJ5R08', 43, '1a591774-4565-7236-90c9-bcec0cd444f8', N'N')
INSERT dbo.Employee(Oid, BusyUntil, SecondName, Stuff, HourPrice, Patronymic, PlanfixId, Head, PlanfixMoneyRequestTask) VALUES ('499200b3-46a5-60a7-f196-94965a4eaa62', '1990-05-28 20:46:25.920', N'Goetz', -220, 728, N'76418Z649R1H88227JFZWBI1T5EU3T85Z6LCH8MZF294709QF9QIOD5F47Z34V8965LEKDW556D3VK3D6NRXZKAS95I', 44, '7959e1dd-2e0b-4306-7a7e-3e3b283cabde', N'KF101713Q0Y5942Y237G35537OWLK25')
INSERT dbo.Employee(Oid, BusyUntil, SecondName, Stuff, HourPrice, Patronymic, PlanfixId, Head, PlanfixMoneyRequestTask) VALUES ('1b3166b4-1301-5956-5a76-66508ad02725', '2015-07-21 08:57:13.810', N'Boggs', -858368929, 1072, N'WO35M8875KE319P1Z98E4JTG4O44TT497P6296BLKSC0XVPZY124YQ6O1CUX97W275W55FHMR4I68U8N7', 45, '7959e1dd-2e0b-4306-7a7e-3e3b283cabde', N'7PL4AQ2ASJ3H4180')
INSERT dbo.Employee(Oid, BusyUntil, SecondName, Stuff, HourPrice, Patronymic, PlanfixId, Head, PlanfixMoneyRequestTask) VALUES ('66a18612-296a-25b0-d94b-16e575b61049', '2008-08-12 02:01:08.040', N'Cole', 6, 1038, N'B7ICFX1PV3YRH37S4ZN16HT67I19', 46, '26c1e1f8-3a26-53fe-5876-66508ad02725', N'1')
INSERT dbo.Employee(Oid, BusyUntil, SecondName, Stuff, HourPrice, Patronymic, PlanfixId, Head, PlanfixMoneyRequestTask) VALUES ('24fee4c1-709c-79d6-1802-ce5da15ac776', '2002-12-16 03:42:31.360', N'Bohannon', -991454491, 386, N'JW85RNRWFF0O58F63SO1IIFOQNIBP18Q', 47, '58fc185f-1925-3117-334d-4c0f86f26090', N'9QK46M0IJT060G1J3HOG7E92F68XD037W14126F13I81I980W')
INSERT dbo.Employee(Oid, BusyUntil, SecondName, Stuff, HourPrice, Patronymic, PlanfixId, Head, PlanfixMoneyRequestTask) VALUES ('1259a17c-69e8-7a1c-da4b-16e575b61049', '1976-12-11 18:02:27.330', N'Mendez', -5, 1759, N'0MLTE6J6A1U0RR49Z4Q0BI50', 48, '36ce1756-1d21-7373-f1b6-6f4dd73eba9e', N'8ZVUR52QT6Y1V08751P82G8O2R83GZ08003SKAMH')
INSERT dbo.Employee(Oid, BusyUntil, SecondName, Stuff, HourPrice, Patronymic, PlanfixId, Head, PlanfixMoneyRequestTask) VALUES ('4f7021f5-7800-11be-0a02-eefebbd653b8', '1971-08-12 08:15:33.410', N'Sowell', 4, 1008, N'1WDZ2O86E1XTC6QKAK3HX7L2M710WGJ', 49, '669afd3f-720a-6e34-1902-ce5da15ac776', N'6N955I9F9IZV6V')
INSERT dbo.Employee(Oid, BusyUntil, SecondName, Stuff, HourPrice, Patronymic, PlanfixId, Head, PlanfixMoneyRequestTask) VALUES ('7959e1dd-2e0b-4306-7a7e-3e3b283cabde', NULL, N'Lovett', NULL, NULL, NULL, 50, '2f1172a9-1b5d-6fc4-777e-3e3b283cabde', N'8W51NQ43Q9UCH01J8OK0')
GO

--
-- Inserting data into table dbo.Project
--
INSERT dbo.Project(Oid, Name, Address, Client, Manager, Foreman, OptimisticLockField, GCRecord, Balance, BalanceByMaterial, BalanceByWork, PlaningStartDate, Status, FinishDate, Area, WorkPriceRate, WorkersPriceRate, RemainderTheAdvance, PlanfixWorkTask, PlanfixChangeRequestTask, UseAnalytics) VALUES ('7f9589fa-2b58-5866-1c93-373516031d8e', N'Abdul551', N'3168 Riddle Hill Lane, Denver, Colorado, 89834', '4abdf3c0-7507-7423-304d-4c0f86f26090', '5984fdaa-1e0e-68c7-3e2b-e89ea5388e0b', '202cad24-4598-16cf-1a02-ce5da15ac776', 3, -671660539, 54, 82, 6, '2020-01-03 04:17:08.880', -1849585943, '2012-01-01 00:00:00.000', -880027700, 3.92, 25271198391.82, -2057953104, N'8641HE7Z62S7Q57545C016KIV54Y2', N'J7O', 1)
INSERT dbo.Project(Oid, Name, Address, Client, Manager, Foreman, OptimisticLockField, GCRecord, Balance, BalanceByMaterial, BalanceByWork, PlaningStartDate, Status, FinishDate, Area, WorkPriceRate, WorkersPriceRate, RemainderTheAdvance, PlanfixWorkTask, PlanfixChangeRequestTask, UseAnalytics) VALUES ('28186996-5b5b-7729-455f-1885b89fc8fc', N'Lizzette466', N'1252 Monument Ave, Indianapolis, Indiana, 59078', '202cad24-4598-16cf-1a02-ce5da15ac776', '37e456ed-14a3-6717-f3b6-6f4dd73eba9e', '284445b2-65be-4f66-422b-e89ea5388e0b', -2090539160, -69, 38, 10, 86, '1973-06-15 05:41:50.750', -766581882, '2021-01-01 00:00:00.000', -1237494025, 64103232530.5, -69.54, 13, N'K', N'4', 0)
INSERT dbo.Project(Oid, Name, Address, Client, Manager, Foreman, OptimisticLockField, GCRecord, Balance, BalanceByMaterial, BalanceByWork, PlaningStartDate, Status, FinishDate, Area, WorkPriceRate, WorkersPriceRate, RemainderTheAdvance, PlanfixWorkTask, PlanfixChangeRequestTask, UseAnalytics) VALUES ('5b6e9fc7-1e70-4fd4-0448-b983316b8374', N'Alonzo2022', N'2503 Highland Ct, Austin, TX, 35237', '7a311573-456f-56e3-0902-eefebbd653b8', '36a4260a-7f6c-2ec6-f2b6-6f4dd73eba9e', '4abdf3c0-7507-7423-304d-4c0f86f26090', -1298511159, -2114556390, 63, 57, 27, '1998-11-24 14:38:25.790', -1561801187, '2021-05-09 00:00:00.000', -1503667975, 29173892612.55, -99860100174.97, -3268, N'SCNS345136HO4X18O802IHOR34696LGHWTQU6DJ4U82N2YM', N'SDQ909K', 0)
INSERT dbo.Project(Oid, Name, Address, Client, Manager, Foreman, OptimisticLockField, GCRecord, Balance, BalanceByMaterial, BalanceByWork, PlaningStartDate, Status, FinishDate, Area, WorkPriceRate, WorkersPriceRate, RemainderTheAdvance, PlanfixWorkTask, PlanfixChangeRequestTask, UseAnalytics) VALUES ('1ba4c500-5a33-4cef-3709-69a9b1bfbc32', N'Abney7', N'2602 Rushwood Lane, Calyon Bldg, Boise, ID, 73865', '36ce1756-1d21-7373-f1b6-6f4dd73eba9e', '36460dcf-323b-1391-8ec9-bcec0cd444f8', '244bd1b5-7428-4b87-0702-eefebbd653b8', -730023638, -519557971, 91, 37, 74, '1975-02-09 23:03:05.300', -84, '2021-07-21 00:00:00.000', 708, 3699820430.83, 44107316312.68, -1252141232, N'F0OUCIF96YY85EA1946947WCOW9GQHC1U4AYOX56Z1JXIPRI04A8NKIFI4YGL0KYSU', N'H24A9SH50Y2VNE6RQ8JC4BFJUJ87LELIVCO2H6ZVE7', 0)
INSERT dbo.Project(Oid, Name, Address, Client, Manager, Foreman, OptimisticLockField, GCRecord, Balance, BalanceByMaterial, BalanceByWork, PlaningStartDate, Status, FinishDate, Area, WorkPriceRate, WorkersPriceRate, RemainderTheAdvance, PlanfixWorkTask, PlanfixChangeRequestTask, UseAnalytics) VALUES ('2643c0f2-5381-7a86-1d93-373516031d8e', N'Jarrod2023', N'2654 Burwood Hwy, Baton Rouge, LA, 32867', '61e25755-3de1-1adf-8fc9-bcec0cd444f8', '481c748b-2a85-2a28-efb6-6f4dd73eba9e', '6f0fc907-5bf7-6e28-ef96-94965a4eaa62', -598152306, -7417, 76, 56, 10, '2021-01-03 15:47:29.260', -1614312267, '2020-10-21 00:00:00.000', -1048650424, -51529403425.12, -7417.03, -2045713596, N'W6D3BN', N'PZ3OYJQUHQ1G7', 1)
INSERT dbo.Project(Oid, Name, Address, Client, Manager, Foreman, OptimisticLockField, GCRecord, Balance, BalanceByMaterial, BalanceByWork, PlaningStartDate, Status, FinishDate, Area, WorkPriceRate, WorkersPriceRate, RemainderTheAdvance, PlanfixWorkTask, PlanfixChangeRequestTask, UseAnalytics) VALUES ('5c549d77-1e58-4d4e-1fbe-eaf7cc272319', N'Alisa2016', N'321 East Rock Hill Pkwy, Harrisburg, PA, 69670', '5f0a8444-3de1-3f02-eeb6-6f4dd73eba9e', '5e306560-6b07-2cdf-5b76-66508ad02725', '49bdab11-1115-7150-d84b-16e575b61049', -497829609, -660394851, 56, 20, 29, '1996-11-05 05:04:31.020', -1909791908, '2020-02-25 00:00:00.000', -1542031234, -49168562615.67, -17137678820.95, NULL, N'F9', N'355A463', 1)
INSERT dbo.Project(Oid, Name, Address, Client, Manager, Foreman, OptimisticLockField, GCRecord, Balance, BalanceByMaterial, BalanceByWork, PlaningStartDate, Status, FinishDate, Area, WorkPriceRate, WorkersPriceRate, RemainderTheAdvance, PlanfixWorkTask, PlanfixChangeRequestTask, UseAnalytics) VALUES ('31a38fa9-4c3b-4cf0-0548-b983316b8374', N'Bess1981', N'748 Riverview Avenue, Jackson, Mississippi, 77400', '699acaa2-66da-563a-1702-ce5da15ac776', '1a361dba-2edd-6ebd-324d-4c0f86f26090', '3a6dba26-6960-6953-d74b-16e575b61049', -1272245938, -44982311, 63, 67, 12, '2017-08-15 22:43:10.750', -1784893508, '2021-02-24 00:00:00.000', -2041217293, 93114806291.61, 69369317945.75, -45, N'9', N'J6613D6CXZ2H26019J961HDZW0Q', 0)
INSERT dbo.Project(Oid, Name, Address, Client, Manager, Foreman, OptimisticLockField, GCRecord, Balance, BalanceByMaterial, BalanceByWork, PlaningStartDate, Status, FinishDate, Area, WorkPriceRate, WorkersPriceRate, RemainderTheAdvance, PlanfixWorkTask, PlanfixChangeRequestTask, UseAnalytics) VALUES ('4a084a3f-5d99-1372-b433-62dd4e858bad', N'Roark982', N'1948 Fox Hill Lane, Boise, ID, 26196', '5f0a8444-3de1-3f02-eeb6-6f4dd73eba9e', '284445b2-65be-4f66-422b-e89ea5388e0b', '5f0a8444-3de1-3f02-eeb6-6f4dd73eba9e', 56, 88, 23, 16, 87, '1996-10-28 00:33:34.480', -840748626, '2017-12-18 00:00:00.000', -1427532365, 56.72, 88.88, NULL, N'N', N'016KLE', 1)
INSERT dbo.Project(Oid, Name, Address, Client, Manager, Foreman, OptimisticLockField, GCRecord, Balance, BalanceByMaterial, BalanceByWork, PlaningStartDate, Status, FinishDate, Area, WorkPriceRate, WorkersPriceRate, RemainderTheAdvance, PlanfixWorkTask, PlanfixChangeRequestTask, UseAnalytics) VALUES ('6d825400-4c66-515a-1e93-373516031d8e', N'Chadwick842', N'262 Waterview Ave, Kearns Building, Bismarck, North Dakota, 54712', '244bd1b5-7428-4b87-0702-eefebbd653b8', '2f8a5a0d-54fa-587b-5676-66508ad02725', NULL, 84, -1980233702, 64, 5, NULL, '1994-10-02 03:40:48.780', NULL, '2018-04-21 00:00:00.000', -1566134516, 84.45, 99364928440.71, -5607, N'6WEFS4', N'J35JWSI308U0R7ZI3', 1)
INSERT dbo.Project(Oid, Name, Address, Client, Manager, Foreman, OptimisticLockField, GCRecord, Balance, BalanceByMaterial, BalanceByWork, PlaningStartDate, Status, FinishDate, Area, WorkPriceRate, WorkersPriceRate, RemainderTheAdvance, PlanfixWorkTask, PlanfixChangeRequestTask, UseAnalytics) VALUES ('5a851e09-4a52-7284-0648-b983316b8374', N'Alphonso8', N'407 Woodside Lane, Macy''s Bldg, Saint Paul, MN, 36648', '69619ef2-1249-20fa-797e-3e3b283cabde', '3f22df3a-3b15-3b5a-787e-3e3b283cabde', '5984fdaa-1e0e-68c7-3e2b-e89ea5388e0b', -1979878984, -1980795195, 92, 3, 17, '1980-11-30 21:59:55.680', -1154467762, '2021-03-28 00:00:00.000', -8788, -16182978496.8, 9421800308.12, -1302707293, N'7H0C1K158CQ02Q4VOAHIC', N'P16857QFMK', 0)
INSERT dbo.Project(Oid, Name, Address, Client, Manager, Foreman, OptimisticLockField, GCRecord, Balance, BalanceByMaterial, BalanceByWork, PlaningStartDate, Status, FinishDate, Area, WorkPriceRate, WorkersPriceRate, RemainderTheAdvance, PlanfixWorkTask, PlanfixChangeRequestTask, UseAnalytics) VALUES ('1897a8f1-37fc-5c9c-3809-69a9b1bfbc32', NULL, NULL, NULL, '7e919581-5fd4-1caf-5776-66508ad02725', '36460dcf-323b-1391-8ec9-bcec0cd444f8', NULL, -759, NULL, 46, 71, NULL, -1075602905, NULL, -57131972, NULL, -759.78, -405123311, NULL, N'422X626M1RZL', NULL)
INSERT dbo.Project(Oid, Name, Address, Client, Manager, Foreman, OptimisticLockField, GCRecord, Balance, BalanceByMaterial, BalanceByWork, PlaningStartDate, Status, FinishDate, Area, WorkPriceRate, WorkersPriceRate, RemainderTheAdvance, PlanfixWorkTask, PlanfixChangeRequestTask, UseAnalytics) VALUES ('373511c0-68e6-4a3f-20be-eaf7cc272319', N'Lacresha5', N'2478 NW Rose Hill Ct, Frankfort, Kentucky, 40649', '5f0a8444-3de1-3f02-eeb6-6f4dd73eba9e', '24fee4c1-709c-79d6-1802-ce5da15ac776', '751604f5-1e51-6d47-3f2b-e89ea5388e0b', 627, -3898, 16, 3, 71, '2006-11-25 10:15:51.140', -378801612, '2016-09-23 00:00:00.000', -204892992, 627.18, -3898.13, -994262518, N'ONR2', N'F76GE62IL2EM1375N047HS', 1)
INSERT dbo.Project(Oid, Name, Address, Client, Manager, Foreman, OptimisticLockField, GCRecord, Balance, BalanceByMaterial, BalanceByWork, PlaningStartDate, Status, FinishDate, Area, WorkPriceRate, WorkersPriceRate, RemainderTheAdvance, PlanfixWorkTask, PlanfixChangeRequestTask, UseAnalytics) VALUES ('66af213e-6ed1-770c-5c32-9a0257d67b47', N'Denham1998', N'766 New Woodhurst St, Kearns Building, Trenton, New Jersey, 51607', '1e3453a2-3ef5-5f70-8dc9-bcec0cd444f8', '66a18612-296a-25b0-d94b-16e575b61049', '51d8cc33-7be1-161f-f396-94965a4eaa62', -353753083, -1394969261, 38, 72, 73, '1982-06-30 23:21:52.530', -312929865, '2013-04-23 00:00:00.000', -1768601707, -12580417802.92, 53569289604.27, 2, N'2PP92BUC5C2RDNC76CKYS3B1V21ZEWWRK', N'ZA6TJN10543L6WB', 1)
INSERT dbo.Project(Oid, Name, Address, Client, Manager, Foreman, OptimisticLockField, GCRecord, Balance, BalanceByMaterial, BalanceByWork, PlaningStartDate, Status, FinishDate, Area, WorkPriceRate, WorkersPriceRate, RemainderTheAdvance, PlanfixWorkTask, PlanfixChangeRequestTask, UseAnalytics) VALUES ('488ffd9a-7ad8-5a04-cd7e-e08e331d25c7', NULL, NULL, NULL, '751604f5-1e51-6d47-3f2b-e89ea5388e0b', '1257615f-5ea8-6cd9-0b02-eefebbd653b8', NULL, -1642925920, NULL, 75, 27, NULL, -1773952467, NULL, -2123380366, NULL, -19311099757.27, -245556106, NULL, N'NNY1NPFL', NULL)
INSERT dbo.Project(Oid, Name, Address, Client, Manager, Foreman, OptimisticLockField, GCRecord, Balance, BalanceByMaterial, BalanceByWork, PlaningStartDate, Status, FinishDate, Area, WorkPriceRate, WorkersPriceRate, RemainderTheAdvance, PlanfixWorkTask, PlanfixChangeRequestTask, UseAnalytics) VALUES ('495ff429-25fd-4337-1f93-373516031d8e', N'Antonina2029', N'763 Market Pkwy, Phoenix, AZ, 22164', '5ebb6116-1627-3f70-0602-eefebbd653b8', '6f0fc907-5bf7-6e28-ef96-94965a4eaa62', '14735d5d-67ff-5dad-412b-e89ea5388e0b', -1171149210, -5, 5, 63, 44, '1999-11-15 10:38:51.590', -1045106815, '2012-01-06 00:00:00.000', -1778631251, 32819894457.98, -5.35, NULL, N'FN16BI96P3', N'4F376I2', 1)
INSERT dbo.Project(Oid, Name, Address, Client, Manager, Foreman, OptimisticLockField, GCRecord, Balance, BalanceByMaterial, BalanceByWork, PlaningStartDate, Status, FinishDate, Area, WorkPriceRate, WorkersPriceRate, RemainderTheAdvance, PlanfixWorkTask, PlanfixChangeRequestTask, UseAnalytics) VALUES ('24c4b5df-5d2a-53c2-b533-62dd4e858bad', N'Adolph1', N'3776 East Flintwood Avenue, Madison, Wisconsin, 58797', '66b0e9ee-53c2-4a98-432b-e89ea5388e0b', NULL, '499200b3-46a5-60a7-f196-94965a4eaa62', -281018203, NULL, 31, NULL, 22, '2004-12-31 18:45:20.170', -847086039, '2021-02-05 00:00:00.000', -2034999787, -67275306788.08, NULL, -466975274, N'FQ02', NULL, 0)
INSERT dbo.Project(Oid, Name, Address, Client, Manager, Foreman, OptimisticLockField, GCRecord, Balance, BalanceByMaterial, BalanceByWork, PlaningStartDate, Status, FinishDate, Area, WorkPriceRate, WorkersPriceRate, RemainderTheAdvance, PlanfixWorkTask, PlanfixChangeRequestTask, UseAnalytics) VALUES ('12e83c52-5faa-79c9-ce7e-e08e331d25c7', N'Brandon1', N'1236 W Pine Tree Loop, Guardian Bldg, Nashville, Tennessee, 34228', '5f0a8444-3de1-3f02-eeb6-6f4dd73eba9e', '6f0fc907-5bf7-6e28-ef96-94965a4eaa62', '6f0fc907-5bf7-6e28-ef96-94965a4eaa62', -1162466197, -1739688447, 10, 11, 21, '2020-04-16 22:00:49.810', -6, '2022-09-19 00:00:00.000', -1903809897, 50210594444.2, 30826677427.01, -17767788, N'2', N'9X1D9PDIOY83X5L985ZZ2BAC0567V67VAE1C9748ZAF2G560PSY0QB6V2535OD08N473Y7X3A0', 0)
INSERT dbo.Project(Oid, Name, Address, Client, Manager, Foreman, OptimisticLockField, GCRecord, Balance, BalanceByMaterial, BalanceByWork, PlaningStartDate, Status, FinishDate, Area, WorkPriceRate, WorkersPriceRate, RemainderTheAdvance, PlanfixWorkTask, PlanfixChangeRequestTask, UseAnalytics) VALUES ('5126a884-72e7-76eb-3909-69a9b1bfbc32', NULL, NULL, NULL, '49bdab11-1115-7150-d84b-16e575b61049', '397bc919-4888-5ab2-402b-e89ea5388e0b', NULL, -362992587, NULL, 33, 18, NULL, -8, NULL, -1062171654, NULL, -35910535523.18, -1474316115, NULL, N'HY1O91', NULL)
INSERT dbo.Project(Oid, Name, Address, Client, Manager, Foreman, OptimisticLockField, GCRecord, Balance, BalanceByMaterial, BalanceByWork, PlaningStartDate, Status, FinishDate, Area, WorkPriceRate, WorkersPriceRate, RemainderTheAdvance, PlanfixWorkTask, PlanfixChangeRequestTask, UseAnalytics) VALUES ('436978f8-4c20-1760-21be-eaf7cc272319', N'Dyan121', N'67 East Rushwood Ln, Superior Building, Olympia, WA, 97251', '5f00c41b-39dc-51ee-0802-eefebbd653b8', '66b0e9ee-53c2-4a98-432b-e89ea5388e0b', '284445b2-65be-4f66-422b-e89ea5388e0b', 1055, -1546520735, 92, 83, 39, '1982-10-31 03:37:08.080', -833397025, '2012-01-09 00:00:00.000', 16, 1055.84, -11697731400.63, -1534830649, N'K91', N'4SQ49AL', 0)
INSERT dbo.Project(Oid, Name, Address, Client, Manager, Foreman, OptimisticLockField, GCRecord, Balance, BalanceByMaterial, BalanceByWork, PlaningStartDate, Status, FinishDate, Area, WorkPriceRate, WorkersPriceRate, RemainderTheAdvance, PlanfixWorkTask, PlanfixChangeRequestTask, UseAnalytics) VALUES ('1752b8ca-19e4-4cd1-757d-18b43b6e1561', N'Adah395', N'3726 Red Deepwood Highway, Equitable Bldg, Tallahassee, FL, 89597', '4abdf3c0-7507-7423-304d-4c0f86f26090', '6c4c1f9b-1644-2620-5976-66508ad02725', '669afd3f-720a-6e34-1902-ce5da15ac776', -1120074977, -486307348, 48, 25, 65, '2002-12-24 04:56:27.400', -3102, '2014-07-01 00:00:00.000', -87, 74601988137.38, 98548812442.76, -531040849, N'C7JIFK79618', N'2Z0L', 1)
INSERT dbo.Project(Oid, Name, Address, Client, Manager, Foreman, OptimisticLockField, GCRecord, Balance, BalanceByMaterial, BalanceByWork, PlaningStartDate, Status, FinishDate, Area, WorkPriceRate, WorkersPriceRate, RemainderTheAdvance, PlanfixWorkTask, PlanfixChangeRequestTask, UseAnalytics) VALUES ('47cb37df-759e-6071-3a09-69a9b1bfbc32', N'Alene2017', N'3084 SE Fox Hill Ct, Carson City, Nevada, 88147', '6c4c1f9b-1644-2620-5976-66508ad02725', '228bfc03-38db-4741-f096-94965a4eaa62', '499200b3-46a5-60a7-f196-94965a4eaa62', -410296410, -1473206558, 9, 50, 62, '1985-09-09 07:44:42.920', -91576742, '2012-03-03 00:00:00.000', 1240, -26173174541.94, 18799234543.07, -1448159059, N'90D699HF0RT', N'0HB19Y5PNZ11YW0K7', 1)
INSERT dbo.Project(Oid, Name, Address, Client, Manager, Foreman, OptimisticLockField, GCRecord, Balance, BalanceByMaterial, BalanceByWork, PlaningStartDate, Status, FinishDate, Area, WorkPriceRate, WorkersPriceRate, RemainderTheAdvance, PlanfixWorkTask, PlanfixChangeRequestTask, UseAnalytics) VALUES ('1ee39b95-6a6d-4cdf-5d32-9a0257d67b47', N'Lewis543', N'1866 Ironwood Way, Enquirer Bldg, Trenton, New Jersey, 28047', '5aa02579-73ed-23cd-314d-4c0f86f26090', '751604f5-1e51-6d47-3f2b-e89ea5388e0b', NULL, -2030953029, -1990456687, 42, 69, NULL, '1983-01-25 20:58:35.090', NULL, '2014-04-17 00:00:00.000', -940273079, -37908471010.9, 52004554034, 105, N'AIO1482C', N'027ZC4P4026MB1HBLH2H7XC18CPDZ712CPE259Y7NAKN8VQ7EFPKM1R40OD89NRY05MP25', 1)
INSERT dbo.Project(Oid, Name, Address, Client, Manager, Foreman, OptimisticLockField, GCRecord, Balance, BalanceByMaterial, BalanceByWork, PlaningStartDate, Status, FinishDate, Area, WorkPriceRate, WorkersPriceRate, RemainderTheAdvance, PlanfixWorkTask, PlanfixChangeRequestTask, UseAnalytics) VALUES ('3f74a4eb-2217-1549-0748-b983316b8374', N'Nowlin1968', N'260 Riverside Drive, Providence, RI, 26254', '36460dcf-323b-1391-8ec9-bcec0cd444f8', '336d8f99-255d-646e-f0b6-6f4dd73eba9e', '481c748b-2a85-2a28-efb6-6f4dd73eba9e', 4209, -670109476, 30, 23, 74, '1971-10-26 13:15:22.220', -933275614, '2019-01-10 00:00:00.000', -1468739851, 4209.97, -63805982127.58, -918723639, N'UYA3C154M3', N'L5V311WIA8X8Y5A09573COB19715C21LT88', 1)
INSERT dbo.Project(Oid, Name, Address, Client, Manager, Foreman, OptimisticLockField, GCRecord, Balance, BalanceByMaterial, BalanceByWork, PlaningStartDate, Status, FinishDate, Area, WorkPriceRate, WorkersPriceRate, RemainderTheAdvance, PlanfixWorkTask, PlanfixChangeRequestTask, UseAnalytics) VALUES ('27d08697-48a5-60ae-3014-9ad3d3072fe3', NULL, NULL, NULL, NULL, '49bdab11-1115-7150-d84b-16e575b61049', NULL, NULL, NULL, NULL, 59, NULL, -1577270857, NULL, -14, NULL, NULL, NULL, NULL, NULL, NULL)
INSERT dbo.Project(Oid, Name, Address, Client, Manager, Foreman, OptimisticLockField, GCRecord, Balance, BalanceByMaterial, BalanceByWork, PlaningStartDate, Status, FinishDate, Area, WorkPriceRate, WorkersPriceRate, RemainderTheAdvance, PlanfixWorkTask, PlanfixChangeRequestTask, UseAnalytics) VALUES ('1c88c2a4-1aa1-1a3e-465f-1885b89fc8fc', N'Barkley797', N'42 Social Rd, Standard Building, Albany, New York, 54385', '2f8a5a0d-54fa-587b-5676-66508ad02725', '1b3166b4-1301-5956-5a76-66508ad02725', '2dc6dc0b-307b-3bde-5c76-66508ad02725', -1578238276, -1902710108, 47, 25, 32, '2002-06-30 22:14:45.690', -767361276, '2016-12-18 00:00:00.000', 175, -97908541550.8, 41896205964.91, -1079628273, N'4X', N'OH88T85QK7PO74160OBTID1X84DG96X5SH7RDVML4', 1)
INSERT dbo.Project(Oid, Name, Address, Client, Manager, Foreman, OptimisticLockField, GCRecord, Balance, BalanceByMaterial, BalanceByWork, PlaningStartDate, Status, FinishDate, Area, WorkPriceRate, WorkersPriceRate, RemainderTheAdvance, PlanfixWorkTask, PlanfixChangeRequestTask, UseAnalytics) VALUES ('42b2fa47-5255-25d8-767d-18b43b6e1561', N'Foster1958', N'3262 Edgewood Lane, Montgomery, AL, 36482', '6f0fc907-5bf7-6e28-ef96-94965a4eaa62', '1e3453a2-3ef5-5f70-8dc9-bcec0cd444f8', '5984fdaa-1e0e-68c7-3e2b-e89ea5388e0b', -708, -202792791, 42, 34, 22, '1976-03-23 13:18:47.960', -1646873555, '2021-01-06 00:00:00.000', -529381214, -708.49, 32671972297.05, 51, N'D9550KY9ZO5714P0ABJ6', N'5Z17I5H0A', 0)
INSERT dbo.Project(Oid, Name, Address, Client, Manager, Foreman, OptimisticLockField, GCRecord, Balance, BalanceByMaterial, BalanceByWork, PlaningStartDate, Status, FinishDate, Area, WorkPriceRate, WorkersPriceRate, RemainderTheAdvance, PlanfixWorkTask, PlanfixChangeRequestTask, UseAnalytics) VALUES ('202ae9eb-75ea-4f00-3114-9ad3d3072fe3', NULL, NULL, NULL, '4f7021f5-7800-11be-0a02-eefebbd653b8', '397bc919-4888-5ab2-402b-e89ea5388e0b', NULL, -1657513162, NULL, 57, 99, NULL, -659058800, NULL, -444, NULL, 53219582579.17, -9, NULL, N'53B99OODM815CRQ254P539882H', NULL)
INSERT dbo.Project(Oid, Name, Address, Client, Manager, Foreman, OptimisticLockField, GCRecord, Balance, BalanceByMaterial, BalanceByWork, PlaningStartDate, Status, FinishDate, Area, WorkPriceRate, WorkersPriceRate, RemainderTheAdvance, PlanfixWorkTask, PlanfixChangeRequestTask, UseAnalytics) VALUES ('39e40431-57bb-7682-b633-62dd4e858bad', N'Laverne353', N'1049 NE Chapel Hill Road, Olympia, Washington, 36243', '244bd1b5-7428-4b87-0702-eefebbd653b8', '699acaa2-66da-563a-1702-ce5da15ac776', '5f0a8444-3de1-3f02-eeb6-6f4dd73eba9e', -710298885, -1832436217, 90, 54, 98, '2006-11-23 20:37:06.670', -682, '2020-09-06 00:00:00.000', -1803288673, -20902655589.95, -47197519379.68, -1154168067, N'K79D57J69XD8D9Q4W8', N'4GM84596GXNS4230VPIJ', 1)
INSERT dbo.Project(Oid, Name, Address, Client, Manager, Foreman, OptimisticLockField, GCRecord, Balance, BalanceByMaterial, BalanceByWork, PlaningStartDate, Status, FinishDate, Area, WorkPriceRate, WorkersPriceRate, RemainderTheAdvance, PlanfixWorkTask, PlanfixChangeRequestTask, UseAnalytics) VALUES ('7dbc0370-219d-568a-cf7e-e08e331d25c7', N'Andrea989', N'2285 SW Meadowview Ln, Macy''s Building, Salt Lake City, Utah, 38926', '43624c49-472d-4810-f296-94965a4eaa62', '244bd1b5-7428-4b87-0702-eefebbd653b8', '5e306560-6b07-2cdf-5b76-66508ad02725', -616330979, -618632194, 59, 64, 62, '1979-11-01 15:40:26.930', -1085285290, '2012-01-11 00:00:00.000', -752136693, -2393135830.86, -94943800889.2, -70, N'CE1EFVG077965', N'CTBO1717SLY2', 1)
INSERT dbo.Project(Oid, Name, Address, Client, Manager, Foreman, OptimisticLockField, GCRecord, Balance, BalanceByMaterial, BalanceByWork, PlaningStartDate, Status, FinishDate, Area, WorkPriceRate, WorkersPriceRate, RemainderTheAdvance, PlanfixWorkTask, PlanfixChangeRequestTask, UseAnalytics) VALUES ('2c192596-1720-528a-22be-eaf7cc272319', N'Addie62', N'323 Mountain Loop, 257 Towers Building, Hartford, CT, 90426', '51d8cc33-7be1-161f-f396-94965a4eaa62', '7959e1dd-2e0b-4306-7a7e-3e3b283cabde', '228bfc03-38db-4741-f096-94965a4eaa62', -1433476561, -2001967586, 52, 25, 13, '2002-11-10 17:52:47.090', 672, '2021-01-09 00:00:00.000', -1078400957, 62175582020.3, -3657956714.93, -1300911931, N'GSHXS78COS3B086M', N'BAXBA0654RA43T3PEH935', 0)
INSERT dbo.Project(Oid, Name, Address, Client, Manager, Foreman, OptimisticLockField, GCRecord, Balance, BalanceByMaterial, BalanceByWork, PlaningStartDate, Status, FinishDate, Area, WorkPriceRate, WorkersPriceRate, RemainderTheAdvance, PlanfixWorkTask, PlanfixChangeRequestTask, UseAnalytics) VALUES ('1d11b286-78df-2715-475f-1885b89fc8fc', N'Broderick361', N'2417 W Riverview Lane, Columbia, SC, 47432', '6f0fc907-5bf7-6e28-ef96-94965a4eaa62', '66a18612-296a-25b0-d94b-16e575b61049', '36460dcf-323b-1391-8ec9-bcec0cd444f8', -143147290, -2090886010, 27, 50, 25, '1975-07-07 04:38:21.780', 33, '2020-01-14 00:00:00.000', NULL, 73443898033.82, 66760216064.45, -58, N'0P', N'Y0', 1)
INSERT dbo.Project(Oid, Name, Address, Client, Manager, Foreman, OptimisticLockField, GCRecord, Balance, BalanceByMaterial, BalanceByWork, PlaningStartDate, Status, FinishDate, Area, WorkPriceRate, WorkersPriceRate, RemainderTheAdvance, PlanfixWorkTask, PlanfixChangeRequestTask, UseAnalytics) VALUES ('6b9b7137-3dd3-7b12-b733-62dd4e858bad', N'Albert2005', N'3325 Red Flintwood Ct, Jefferson City, MO, 93893', '4abdf3c0-7507-7423-304d-4c0f86f26090', '5e306560-6b07-2cdf-5b76-66508ad02725', '202cad24-4598-16cf-1a02-ce5da15ac776', -1721783868, -1801925090, 35, 92, 94, '1994-10-07 19:56:32.740', -1752721928, '2019-01-26 00:00:00.000', -581, -73476726896.31, 12014580455.67, -580553231, N'G9R79', N'N8FYI190Z7321309G7LADY2D317AE5B7O5MG213I86O61U0', 1)
INSERT dbo.Project(Oid, Name, Address, Client, Manager, Foreman, OptimisticLockField, GCRecord, Balance, BalanceByMaterial, BalanceByWork, PlaningStartDate, Status, FinishDate, Area, WorkPriceRate, WorkersPriceRate, RemainderTheAdvance, PlanfixWorkTask, PlanfixChangeRequestTask, UseAnalytics) VALUES ('3778fd78-672b-358c-5e32-9a0257d67b47', N'Debbie1989', N'780 SW Rock Hill Blvd, MidAmerican Building, Jefferson City, MO, 78278', '36a4260a-7f6c-2ec6-f2b6-6f4dd73eba9e', '36ce1756-1d21-7373-f1b6-6f4dd73eba9e', NULL, -1277290054, -4, 94, 24, NULL, '1980-03-02 01:38:17.560', NULL, '2018-03-17 00:00:00.000', -962, 78427503752.77, -4.8, -1096970874, N'H1408V3Y935060UG51809LIFRIT5KV0M23KNIBWUI32125H57YS8', N'FOOFGJ0O9G2AFUR6D', 1)
INSERT dbo.Project(Oid, Name, Address, Client, Manager, Foreman, OptimisticLockField, GCRecord, Balance, BalanceByMaterial, BalanceByWork, PlaningStartDate, Status, FinishDate, Area, WorkPriceRate, WorkersPriceRate, RemainderTheAdvance, PlanfixWorkTask, PlanfixChangeRequestTask, UseAnalytics) VALUES ('582165db-7775-1bec-2093-373516031d8e', N'Jacques876', N'3705 Old Fox Hill Court, Olympia, WA, 93459', '244bd1b5-7428-4b87-0702-eefebbd653b8', '5ebb6116-1627-3f70-0602-eefebbd653b8', '36460dcf-323b-1391-8ec9-bcec0cd444f8', -1335645343, -1731644245, 28, 36, 31, '1987-08-08 22:32:15.940', -1557842413, '2012-02-12 00:00:00.000', -129917365, -3556971497.2, -10521460413.95, -2103930497, N'33AUG1BE951', N'493A360', 1)
INSERT dbo.Project(Oid, Name, Address, Client, Manager, Foreman, OptimisticLockField, GCRecord, Balance, BalanceByMaterial, BalanceByWork, PlaningStartDate, Status, FinishDate, Area, WorkPriceRate, WorkersPriceRate, RemainderTheAdvance, PlanfixWorkTask, PlanfixChangeRequestTask, UseAnalytics) VALUES ('438f32b0-4d8e-4d3b-777d-18b43b6e1561', N'Jon996', N'2652 Mountain Street, Honolulu, Hawaii, 22654', '5f0a8444-3de1-3f02-eeb6-6f4dd73eba9e', '14735d5d-67ff-5dad-412b-e89ea5388e0b', NULL, -567437996, -1803029224, 3, 27, NULL, '1978-03-29 22:33:33.890', NULL, '2012-04-26 00:00:00.000', -1920931898, 80037782818.24, -10516535334.34, -5170773, N'Z4', N'1P937IFV0228M3Y09950FN1HK3KM2', 1)
INSERT dbo.Project(Oid, Name, Address, Client, Manager, Foreman, OptimisticLockField, GCRecord, Balance, BalanceByMaterial, BalanceByWork, PlaningStartDate, Status, FinishDate, Area, WorkPriceRate, WorkersPriceRate, RemainderTheAdvance, PlanfixWorkTask, PlanfixChangeRequestTask, UseAnalytics) VALUES ('78a4e9cd-56c6-20b7-3b09-69a9b1bfbc32', N'Kozlowski2024', N'975 East Front Ct, Des Moines, IA, 63493', '26c1e1f8-3a26-53fe-5876-66508ad02725', '69619ef2-1249-20fa-797e-3e3b283cabde', '6f0fc907-5bf7-6e28-ef96-94965a4eaa62', -71, -1889033855, 75, 31, 32, '2005-04-11 00:00:49.760', -330960972, '2018-09-21 00:00:00.000', NULL, -71.43, -84700894415.48, -1568079284, N'70L8PHG1', N'V2M646I14II3SN0OOCSVOAX5', 0)
INSERT dbo.Project(Oid, Name, Address, Client, Manager, Foreman, OptimisticLockField, GCRecord, Balance, BalanceByMaterial, BalanceByWork, PlaningStartDate, Status, FinishDate, Area, WorkPriceRate, WorkersPriceRate, RemainderTheAdvance, PlanfixWorkTask, PlanfixChangeRequestTask, UseAnalytics) VALUES ('167940ec-16a3-126a-d07e-e08e331d25c7', NULL, NULL, '69619ef2-1249-20fa-797e-3e3b283cabde', NULL, '481c748b-2a85-2a28-efb6-6f4dd73eba9e', NULL, NULL, NULL, NULL, 28, NULL, 9435, NULL, -4573, NULL, NULL, -438280475, NULL, NULL, NULL)
INSERT dbo.Project(Oid, Name, Address, Client, Manager, Foreman, OptimisticLockField, GCRecord, Balance, BalanceByMaterial, BalanceByWork, PlaningStartDate, Status, FinishDate, Area, WorkPriceRate, WorkersPriceRate, RemainderTheAdvance, PlanfixWorkTask, PlanfixChangeRequestTask, UseAnalytics) VALUES ('170880fb-26de-46be-23be-eaf7cc272319', N'Ayala471', N'3928 Front Blvd, Appartment 10, Topeka, Kansas, 59925', '6f0fc907-5bf7-6e28-ef96-94965a4eaa62', '4abdf3c0-7507-7423-304d-4c0f86f26090', '228bfc03-38db-4741-f096-94965a4eaa62', -1042030759, -964190752, 24, 10, 46, '2018-05-01 04:53:40.980', -3, '2022-10-01 00:00:00.000', -1238628709, -99659567905.2, -77701540316.52, -2099996075, N'S5QXRX5QG19KY3Z', N'BF00', 0)
INSERT dbo.Project(Oid, Name, Address, Client, Manager, Foreman, OptimisticLockField, GCRecord, Balance, BalanceByMaterial, BalanceByWork, PlaningStartDate, Status, FinishDate, Area, WorkPriceRate, WorkersPriceRate, RemainderTheAdvance, PlanfixWorkTask, PlanfixChangeRequestTask, UseAnalytics) VALUES ('68510dbd-7f5a-2514-5f32-9a0257d67b47', N'Charlie843', N'769 NW Brentwood Dr, Albany, NY, 95600', '43624c49-472d-4810-f296-94965a4eaa62', '51d8cc33-7be1-161f-f396-94965a4eaa62', NULL, -9438, -1097364585, 8, 8, NULL, '2009-08-21 06:32:12.100', NULL, '2015-10-08 00:00:00.000', NULL, -9438.87, 94138048231.87, 804, N'1L5V', N'1LR2DE00OH78Z29', 1)
INSERT dbo.Project(Oid, Name, Address, Client, Manager, Foreman, OptimisticLockField, GCRecord, Balance, BalanceByMaterial, BalanceByWork, PlaningStartDate, Status, FinishDate, Area, WorkPriceRate, WorkersPriceRate, RemainderTheAdvance, PlanfixWorkTask, PlanfixChangeRequestTask, UseAnalytics) VALUES ('1bda45a4-5e6a-27d2-3214-9ad3d3072fe3', N'Boss2018', N'2993 NW Woodside Hwy, 257 Towers Bldg, Columbia, SC, 90839', '24fee4c1-709c-79d6-1802-ce5da15ac776', '36ce1756-1d21-7373-f1b6-6f4dd73eba9e', '66b0e9ee-53c2-4a98-432b-e89ea5388e0b', -2016898460, -623, 7, 87, 51, '2012-10-27 20:13:20.220', -1910706148, '2018-09-13 00:00:00.000', -178289369, 83621576756.14, -623.15, -575382459, N'Z32Y026O', N'ZXOR31M4VQ7WR7C28C12', 1)
INSERT dbo.Project(Oid, Name, Address, Client, Manager, Foreman, OptimisticLockField, GCRecord, Balance, BalanceByMaterial, BalanceByWork, PlaningStartDate, Status, FinishDate, Area, WorkPriceRate, WorkersPriceRate, RemainderTheAdvance, PlanfixWorkTask, PlanfixChangeRequestTask, UseAnalytics) VALUES ('57670afb-1567-17fd-787d-18b43b6e1561', N'Cherlyn1999', N'500 SE Riddle Hill Ave, Bartlett Building, Olympia, WA, 05772', '669afd3f-720a-6e34-1902-ce5da15ac776', '5aa02579-73ed-23cd-314d-4c0f86f26090', '1259a17c-69e8-7a1c-da4b-16e575b61049', -1254014531, -1504534386, 2, 11, 24, '1999-02-22 16:55:53.390', -1723304573, '2021-03-04 00:00:00.000', NULL, 39899846855.18, 55353737028.28, -1676375238, N'GD', N'RRPZKCI3VFW', 0)
INSERT dbo.Project(Oid, Name, Address, Client, Manager, Foreman, OptimisticLockField, GCRecord, Balance, BalanceByMaterial, BalanceByWork, PlaningStartDate, Status, FinishDate, Area, WorkPriceRate, WorkersPriceRate, RemainderTheAdvance, PlanfixWorkTask, PlanfixChangeRequestTask, UseAnalytics) VALUES ('31bc6e74-7ec1-593a-6032-9a0257d67b47', N'Crittenden22', N'3838 Flintwood Street, Judge Bldg, Dover, DE, 55829', '751604f5-1e51-6d47-3f2b-e89ea5388e0b', '284445b2-65be-4f66-422b-e89ea5388e0b', '5e306560-6b07-2cdf-5b76-66508ad02725', -152321114, -328723685, 8, 2, 84, '1976-05-19 04:42:36.350', -1877968246, '2022-06-06 00:00:00.000', -1351721406, 26890227637.79, -62195130193.06, 53, N'X58XP1M9E4X3D7S31471RFYCC6H55CY3HNCLTVK79A', N'1ADR59Q2', 0)
INSERT dbo.Project(Oid, Name, Address, Client, Manager, Foreman, OptimisticLockField, GCRecord, Balance, BalanceByMaterial, BalanceByWork, PlaningStartDate, Status, FinishDate, Area, WorkPriceRate, WorkersPriceRate, RemainderTheAdvance, PlanfixWorkTask, PlanfixChangeRequestTask, UseAnalytics) VALUES ('17907d4e-7c0c-5df6-b833-62dd4e858bad', N'Reita1975', N'2842 Stonewood Ct, Penobscot Bldg, Bismarck, North Dakota, 65981', '228bfc03-38db-4741-f096-94965a4eaa62', '36a4260a-7f6c-2ec6-f2b6-6f4dd73eba9e', '202cad24-4598-16cf-1a02-ce5da15ac776', 8, -37, 54, 5, 37, '1983-02-08 07:07:00.690', -1057751127, '2012-02-29 00:00:00.000', -689378148, 8.83, -37.68, 9, N'EU7JS', N'D4', 0)
INSERT dbo.Project(Oid, Name, Address, Client, Manager, Foreman, OptimisticLockField, GCRecord, Balance, BalanceByMaterial, BalanceByWork, PlaningStartDate, Status, FinishDate, Area, WorkPriceRate, WorkersPriceRate, RemainderTheAdvance, PlanfixWorkTask, PlanfixChangeRequestTask, UseAnalytics) VALUES ('5f4ef1d4-6cef-1cfb-0848-b983316b8374', N'Isidra27', N'3527 Beachwood Ct, Keith Building, Raleigh, NC, 46725', '2f8a5a0d-54fa-587b-5676-66508ad02725', '58fc185f-1925-3117-334d-4c0f86f26090', '228bfc03-38db-4741-f096-94965a4eaa62', -71, -1966550668, 48, 45, 78, '1988-01-25 20:58:10.030', -9, '2013-02-25 00:00:00.000', NULL, -71.57, 83926982464.59, -240867754, N'89I76T0C5NKMLU9181AAZ308V4FM5O432', N'U89012A2IAO5W451YY8S2ND1M9D21G31TD6J1F4IXAY4271460Z1F33538EKO58U9M8895VCP903R8UMCZTQI06W2E20XHS', 1)
INSERT dbo.Project(Oid, Name, Address, Client, Manager, Foreman, OptimisticLockField, GCRecord, Balance, BalanceByMaterial, BalanceByWork, PlaningStartDate, Status, FinishDate, Area, WorkPriceRate, WorkersPriceRate, RemainderTheAdvance, PlanfixWorkTask, PlanfixChangeRequestTask, UseAnalytics) VALUES ('169b892d-4fb7-2a17-2193-373516031d8e', N'Hershel91', N'3030 White Waterview Parkway, Hartford, CT, 01573', '1a361dba-2edd-6ebd-324d-4c0f86f26090', '58fc185f-1925-3117-334d-4c0f86f26090', '43624c49-472d-4810-f296-94965a4eaa62', -452053907, -2007347795, 75, 72, 78, '1996-06-21 00:15:44.150', -3, '2021-01-17 00:00:00.000', -330340475, 32357743608.71, 12072964412.74, -1898936079, N'4', N'D24', 0)
INSERT dbo.Project(Oid, Name, Address, Client, Manager, Foreman, OptimisticLockField, GCRecord, Balance, BalanceByMaterial, BalanceByWork, PlaningStartDate, Status, FinishDate, Area, WorkPriceRate, WorkersPriceRate, RemainderTheAdvance, PlanfixWorkTask, PlanfixChangeRequestTask, UseAnalytics) VALUES ('6c4ebe20-31c5-1ec9-0948-b983316b8374', N'Abby2022', N'2936 Hidden Social Ln, Raleigh, NC, 84461', '36460dcf-323b-1391-8ec9-bcec0cd444f8', '37e456ed-14a3-6717-f3b6-6f4dd73eba9e', '5e306560-6b07-2cdf-5b76-66508ad02725', 0, -1446550821, 27, 9, 11, '2011-12-21 18:25:09.360', -810110848, '2013-08-24 00:00:00.000', -346488775, 0.81, -11963127704.94, -1476562283, N'D7', N'U66G776U84R6JQ7EB14S60Q9', 1)
INSERT dbo.Project(Oid, Name, Address, Client, Manager, Foreman, OptimisticLockField, GCRecord, Balance, BalanceByMaterial, BalanceByWork, PlaningStartDate, Status, FinishDate, Area, WorkPriceRate, WorkersPriceRate, RemainderTheAdvance, PlanfixWorkTask, PlanfixChangeRequestTask, UseAnalytics) VALUES ('3813ed54-50cb-5d88-485f-1885b89fc8fc', N'Torie2023', N'518 Ashwood Pkwy, Standard Building, Albany, NY, 31781', '5984fdaa-1e0e-68c7-3e2b-e89ea5388e0b', '66a18612-296a-25b0-d94b-16e575b61049', '4abdf3c0-7507-7423-304d-4c0f86f26090', -832494209, -1318982523, 41, 10, 57, '1973-09-06 21:31:16.550', -6316, '2022-01-07 00:00:00.000', -538897206, -21802699940.87, 10665599132.01, -1779862421, N'9T7PF1', N'HV942P23', 0)
INSERT dbo.Project(Oid, Name, Address, Client, Manager, Foreman, OptimisticLockField, GCRecord, Balance, BalanceByMaterial, BalanceByWork, PlaningStartDate, Status, FinishDate, Area, WorkPriceRate, WorkersPriceRate, RemainderTheAdvance, PlanfixWorkTask, PlanfixChangeRequestTask, UseAnalytics) VALUES ('1faf0e4a-4d03-3578-3314-9ad3d3072fe3', NULL, NULL, '69619ef2-1249-20fa-797e-3e3b283cabde', '43624c49-472d-4810-f296-94965a4eaa62', '26c1e1f8-3a26-53fe-5876-66508ad02725', NULL, 378, NULL, 44, 61, NULL, -4, NULL, -792563703, NULL, 378.57, -746898554, NULL, N'5308H05911994U6OL5ZN18439UPQ9ZOXHX4Q8BQ8D', NULL)
INSERT dbo.Project(Oid, Name, Address, Client, Manager, Foreman, OptimisticLockField, GCRecord, Balance, BalanceByMaterial, BalanceByWork, PlaningStartDate, Status, FinishDate, Area, WorkPriceRate, WorkersPriceRate, RemainderTheAdvance, PlanfixWorkTask, PlanfixChangeRequestTask, UseAnalytics) VALUES ('5346a8b8-32e1-6513-797d-18b43b6e1561', N'Coretta2011', N'768 Red Lake Ave, Comcast Building, Charleston, West Virginia, 20485', '61e25755-3de1-1adf-8fc9-bcec0cd444f8', NULL, '7a311573-456f-56e3-0902-eefebbd653b8', 41, -1011013647, 84, 44, 81, '1977-08-22 14:35:50.360', -183464709, '2018-02-16 00:00:00.000', -510, 41.94, 98805814080.49, -3114, N'35AN2X46HWG142QT420472OIU9CQR2HOT52Q1B76RIZ7', N'V', 1)
INSERT dbo.Project(Oid, Name, Address, Client, Manager, Foreman, OptimisticLockField, GCRecord, Balance, BalanceByMaterial, BalanceByWork, PlaningStartDate, Status, FinishDate, Area, WorkPriceRate, WorkersPriceRate, RemainderTheAdvance, PlanfixWorkTask, PlanfixChangeRequestTask, UseAnalytics) VALUES ('6b4b77f4-7e44-245e-2293-373516031d8e', NULL, NULL, '5984fdaa-1e0e-68c7-3e2b-e89ea5388e0b', NULL, '2dc6dc0b-307b-3bde-5c76-66508ad02725', NULL, 477, NULL, 48, 6, NULL, 8301, NULL, -1995432542, NULL, 477.84, -1192974425, NULL, N'H76', NULL)
GO

--
-- Inserting data into table dbo.Bank
--
INSERT dbo.Bank(Oid, AccountType) VALUES ('202cad24-4598-16cf-1a02-ce5da15ac776', '4e272fc4-7875-78d6-7d32-6a1673ffca7c')
INSERT dbo.Bank(Oid, AccountType) VALUES ('66b0e9ee-53c2-4a98-432b-e89ea5388e0b', '5ae2d70b-201d-3e23-7f32-6a1673ffca7c')
INSERT dbo.Bank(Oid, AccountType) VALUES ('2dc6dc0b-307b-3bde-5c76-66508ad02725', '284ccb05-337b-7e6f-9090-67245e8b283e')
INSERT dbo.Bank(Oid, AccountType) VALUES ('1259a17c-69e8-7a1c-da4b-16e575b61049', '205a3e0a-13fe-3557-8232-6a1673ffca7c')
INSERT dbo.Bank(Oid, AccountType) VALUES ('5aa02579-73ed-23cd-314d-4c0f86f26090', '1ded3dd7-32db-5bc9-9190-67245e8b283e')
INSERT dbo.Bank(Oid, AccountType) VALUES ('7a311573-456f-56e3-0902-eefebbd653b8', '1f8d7e46-1d1e-335f-79dd-867949feb8b5')
INSERT dbo.Bank(Oid, AccountType) VALUES ('3f22df3a-3b15-3b5a-787e-3e3b283cabde', '24629593-3d34-32fd-997d-e8c757976496')
INSERT dbo.Bank(Oid, AccountType) VALUES ('4f7021f5-7800-11be-0a02-eefebbd653b8', '284ccb05-337b-7e6f-9090-67245e8b283e')
INSERT dbo.Bank(Oid, AccountType) VALUES ('1a361dba-2edd-6ebd-324d-4c0f86f26090', '4d7b21db-2e02-12b7-a9db-e5d54223c257')
INSERT dbo.Bank(Oid, AccountType) VALUES ('7959e1dd-2e0b-4306-7a7e-3e3b283cabde', '46f514e3-3598-177c-6192-08c864661f9c')
INSERT dbo.Bank(Oid, AccountType) VALUES ('1257615f-5ea8-6cd9-0b02-eefebbd653b8', '2de001fe-529b-33ad-0280-e8e2a817c80e')
INSERT dbo.Bank(Oid, AccountType) VALUES ('7e919581-5fd4-1caf-5776-66508ad02725', '4e272fc4-7875-78d6-7d32-6a1673ffca7c')
INSERT dbo.Bank(Oid, AccountType) VALUES ('58fc185f-1925-3117-334d-4c0f86f26090', '2fb0b105-7808-503a-76dd-867949feb8b5')
INSERT dbo.Bank(Oid, AccountType) VALUES ('699acaa2-66da-563a-1702-ce5da15ac776', NULL)
INSERT dbo.Bank(Oid, AccountType) VALUES ('37e456ed-14a3-6717-f3b6-6f4dd73eba9e', '2bbbd485-6df2-536a-7e32-6a1673ffca7c')
INSERT dbo.Bank(Oid, AccountType) VALUES ('51d8cc33-7be1-161f-f396-94965a4eaa62', '4d7b21db-2e02-12b7-a9db-e5d54223c257')
INSERT dbo.Bank(Oid, AccountType) VALUES ('24fee4c1-709c-79d6-1802-ce5da15ac776', '469b3ece-744a-45d5-957d-e8c757976496')
INSERT dbo.Bank(Oid, AccountType) VALUES ('14735d5d-67ff-5dad-412b-e89ea5388e0b', '34cde64f-62e4-186c-77dd-867949feb8b5')
INSERT dbo.Bank(Oid, AccountType) VALUES ('5ebb6116-1627-3f70-0602-eefebbd653b8', '6916f8cf-1279-16d8-9290-67245e8b283e')
INSERT dbo.Bank(Oid, AccountType) VALUES ('43624c49-472d-4810-f296-94965a4eaa62', '7623d42f-35f4-1ce5-987d-e8c757976496')
INSERT dbo.Bank(Oid, AccountType) VALUES ('36a4260a-7f6c-2ec6-f2b6-6f4dd73eba9e', '68478414-705a-2626-5c92-08c864661f9c')
INSERT dbo.Bank(Oid, AccountType) VALUES ('669afd3f-720a-6e34-1902-ce5da15ac776', '2bbbd485-6df2-536a-7e32-6a1673ffca7c')
INSERT dbo.Bank(Oid, AccountType) VALUES ('2f1172a9-1b5d-6fc4-777e-3e3b283cabde', '14c0ce35-1687-459c-1acb-66948daf6128')
INSERT dbo.Bank(Oid, AccountType) VALUES ('244bd1b5-7428-4b87-0702-eefebbd653b8', '5b2fcdf5-2050-7cb2-8f90-67245e8b283e')
INSERT dbo.Bank(Oid, AccountType) VALUES ('228bfc03-38db-4741-f096-94965a4eaa62', '7bec5682-21c4-666f-a8db-e5d54223c257')
INSERT dbo.Bank(Oid, AccountType) VALUES ('36ce1756-1d21-7373-f1b6-6f4dd73eba9e', '34cde64f-62e4-186c-77dd-867949feb8b5')
INSERT dbo.Bank(Oid, AccountType) VALUES ('6c4c1f9b-1644-2620-5976-66508ad02725', '30c8ee28-58a3-22f2-5e92-08c864661f9c')
INSERT dbo.Bank(Oid, AccountType) VALUES ('3a6dba26-6960-6953-d74b-16e575b61049', '1ded3dd7-32db-5bc9-9190-67245e8b283e')
INSERT dbo.Bank(Oid, AccountType) VALUES ('26c1e1f8-3a26-53fe-5876-66508ad02725', '34cde64f-62e4-186c-77dd-867949feb8b5')
INSERT dbo.Bank(Oid, AccountType) VALUES ('5f00c41b-39dc-51ee-0802-eefebbd653b8', '2bf413d3-7a2c-217a-78dd-867949feb8b5')
INSERT dbo.Bank(Oid, AccountType) VALUES ('36460dcf-323b-1391-8ec9-bcec0cd444f8', '11452b0c-768e-5ff7-0d63-eeb1d8ed8cef')
INSERT dbo.Bank(Oid, AccountType) VALUES ('2f8a5a0d-54fa-587b-5676-66508ad02725', '5660d465-6020-48f3-75dd-867949feb8b5')
INSERT dbo.Bank(Oid, AccountType) VALUES ('284445b2-65be-4f66-422b-e89ea5388e0b', '7686595d-16d5-33b3-0080-e8e2a817c80e')
INSERT dbo.Bank(Oid, AccountType) VALUES ('336d8f99-255d-646e-f0b6-6f4dd73eba9e', NULL)
INSERT dbo.Bank(Oid, AccountType) VALUES ('1b3166b4-1301-5956-5a76-66508ad02725', '2bbbd485-6df2-536a-7e32-6a1673ffca7c')
INSERT dbo.Bank(Oid, AccountType) VALUES ('5e306560-6b07-2cdf-5b76-66508ad02725', '11f7089b-33e6-371a-f817-7000f455f3d5')
INSERT dbo.Bank(Oid, AccountType) VALUES ('66a18612-296a-25b0-d94b-16e575b61049', '142cb08f-7c31-21fa-8e90-67245e8b283e')
INSERT dbo.Bank(Oid, AccountType) VALUES ('751604f5-1e51-6d47-3f2b-e89ea5388e0b', '69cdb3c5-55bc-2a7a-9a7d-e8c757976496')
INSERT dbo.Bank(Oid, AccountType) VALUES ('6f0fc907-5bf7-6e28-ef96-94965a4eaa62', '1f74cd3f-6de4-5324-0180-e8e2a817c80e')
INSERT dbo.Bank(Oid, AccountType) VALUES ('5f0a8444-3de1-3f02-eeb6-6f4dd73eba9e', '69cdb3c5-55bc-2a7a-9a7d-e8c757976496')
INSERT dbo.Bank(Oid, AccountType) VALUES ('69619ef2-1249-20fa-797e-3e3b283cabde', '11452b0c-768e-5ff7-0d63-eeb1d8ed8cef')
INSERT dbo.Bank(Oid, AccountType) VALUES ('1a591774-4565-7236-90c9-bcec0cd444f8', '24629593-3d34-32fd-997d-e8c757976496')
INSERT dbo.Bank(Oid, AccountType) VALUES ('5984fdaa-1e0e-68c7-3e2b-e89ea5388e0b', '4e272fc4-7875-78d6-7d32-6a1673ffca7c')
INSERT dbo.Bank(Oid, AccountType) VALUES ('481c748b-2a85-2a28-efb6-6f4dd73eba9e', '2b850d3d-6722-3f01-1bcb-66948daf6128')
INSERT dbo.Bank(Oid, AccountType) VALUES ('49bdab11-1115-7150-d84b-16e575b61049', '17120d02-6ab5-3e43-18cb-66948daf6128')
INSERT dbo.Bank(Oid, AccountType) VALUES ('4abdf3c0-7507-7423-304d-4c0f86f26090', '5608f456-3b97-2e05-5d92-08c864661f9c')
INSERT dbo.Bank(Oid, AccountType) VALUES ('61e25755-3de1-1adf-8fc9-bcec0cd444f8', '34cde64f-62e4-186c-77dd-867949feb8b5')
INSERT dbo.Bank(Oid, AccountType) VALUES ('1e3453a2-3ef5-5f70-8dc9-bcec0cd444f8', NULL)
INSERT dbo.Bank(Oid, AccountType) VALUES ('397bc919-4888-5ab2-402b-e89ea5388e0b', NULL)
INSERT dbo.Bank(Oid, AccountType) VALUES ('499200b3-46a5-60a7-f196-94965a4eaa62', NULL)
GO

--
-- Inserting data into table dbo.Cashbox
--
INSERT dbo.Cashbox(Oid, AccountType) VALUES ('7a311573-456f-56e3-0902-eefebbd653b8', '11f7089b-33e6-371a-f817-7000f455f3d5')
INSERT dbo.Cashbox(Oid, AccountType) VALUES ('3a6dba26-6960-6953-d74b-16e575b61049', '142cb08f-7c31-21fa-8e90-67245e8b283e')
INSERT dbo.Cashbox(Oid, AccountType) VALUES ('2dc6dc0b-307b-3bde-5c76-66508ad02725', '2fb0b105-7808-503a-76dd-867949feb8b5')
INSERT dbo.Cashbox(Oid, AccountType) VALUES ('3f22df3a-3b15-3b5a-787e-3e3b283cabde', '11f7089b-33e6-371a-f817-7000f455f3d5')
INSERT dbo.Cashbox(Oid, AccountType) VALUES ('2f8a5a0d-54fa-587b-5676-66508ad02725', '2de001fe-529b-33ad-0280-e8e2a817c80e')
INSERT dbo.Cashbox(Oid, AccountType) VALUES ('751604f5-1e51-6d47-3f2b-e89ea5388e0b', '24629593-3d34-32fd-997d-e8c757976496')
INSERT dbo.Cashbox(Oid, AccountType) VALUES ('1a361dba-2edd-6ebd-324d-4c0f86f26090', '1f8d7e46-1d1e-335f-79dd-867949feb8b5')
INSERT dbo.Cashbox(Oid, AccountType) VALUES ('1259a17c-69e8-7a1c-da4b-16e575b61049', '6429b0f4-1391-7f32-9390-67245e8b283e')
INSERT dbo.Cashbox(Oid, AccountType) VALUES ('51d8cc33-7be1-161f-f396-94965a4eaa62', '2dcedb9c-6c32-7d27-977d-e8c757976496')
INSERT dbo.Cashbox(Oid, AccountType) VALUES ('202cad24-4598-16cf-1a02-ce5da15ac776', '1f8d7e46-1d1e-335f-79dd-867949feb8b5')
INSERT dbo.Cashbox(Oid, AccountType) VALUES ('1257615f-5ea8-6cd9-0b02-eefebbd653b8', '247986de-4165-651a-9490-67245e8b283e')
INSERT dbo.Cashbox(Oid, AccountType) VALUES ('14735d5d-67ff-5dad-412b-e89ea5388e0b', '5660d465-6020-48f3-75dd-867949feb8b5')
INSERT dbo.Cashbox(Oid, AccountType) VALUES ('669afd3f-720a-6e34-1902-ce5da15ac776', '4e272fc4-7875-78d6-7d32-6a1673ffca7c')
INSERT dbo.Cashbox(Oid, AccountType) VALUES ('6f0fc907-5bf7-6e28-ef96-94965a4eaa62', '2bbbd485-6df2-536a-7e32-6a1673ffca7c')
INSERT dbo.Cashbox(Oid, AccountType) VALUES ('244bd1b5-7428-4b87-0702-eefebbd653b8', '645f2e5c-7670-66a0-6092-08c864661f9c')
INSERT dbo.Cashbox(Oid, AccountType) VALUES ('36ce1756-1d21-7373-f1b6-6f4dd73eba9e', '46f514e3-3598-177c-6192-08c864661f9c')
INSERT dbo.Cashbox(Oid, AccountType) VALUES ('5f00c41b-39dc-51ee-0802-eefebbd653b8', '5ae2d70b-201d-3e23-7f32-6a1673ffca7c')
INSERT dbo.Cashbox(Oid, AccountType) VALUES ('284445b2-65be-4f66-422b-e89ea5388e0b', '7686595d-16d5-33b3-0080-e8e2a817c80e')
INSERT dbo.Cashbox(Oid, AccountType) VALUES ('4f7021f5-7800-11be-0a02-eefebbd653b8', '30c8ee28-58a3-22f2-5e92-08c864661f9c')
INSERT dbo.Cashbox(Oid, AccountType) VALUES ('7959e1dd-2e0b-4306-7a7e-3e3b283cabde', '61a45b9e-55c1-3dbb-f917-7000f455f3d5')
INSERT dbo.Cashbox(Oid, AccountType) VALUES ('228bfc03-38db-4741-f096-94965a4eaa62', NULL)
INSERT dbo.Cashbox(Oid, AccountType) VALUES ('5f0a8444-3de1-3f02-eeb6-6f4dd73eba9e', '2bf413d3-7a2c-217a-78dd-867949feb8b5')
INSERT dbo.Cashbox(Oid, AccountType) VALUES ('336d8f99-255d-646e-f0b6-6f4dd73eba9e', '7686595d-16d5-33b3-0080-e8e2a817c80e')
INSERT dbo.Cashbox(Oid, AccountType) VALUES ('5984fdaa-1e0e-68c7-3e2b-e89ea5388e0b', '5b2fcdf5-2050-7cb2-8f90-67245e8b283e')
INSERT dbo.Cashbox(Oid, AccountType) VALUES ('6c4c1f9b-1644-2620-5976-66508ad02725', '7623d42f-35f4-1ce5-987d-e8c757976496')
INSERT dbo.Cashbox(Oid, AccountType) VALUES ('4abdf3c0-7507-7423-304d-4c0f86f26090', '2fb0b105-7808-503a-76dd-867949feb8b5')
INSERT dbo.Cashbox(Oid, AccountType) VALUES ('58fc185f-1925-3117-334d-4c0f86f26090', '34cde64f-62e4-186c-77dd-867949feb8b5')
INSERT dbo.Cashbox(Oid, AccountType) VALUES ('43624c49-472d-4810-f296-94965a4eaa62', '7bec5682-21c4-666f-a8db-e5d54223c257')
INSERT dbo.Cashbox(Oid, AccountType) VALUES ('1b3166b4-1301-5956-5a76-66508ad02725', '5b2fcdf5-2050-7cb2-8f90-67245e8b283e')
INSERT dbo.Cashbox(Oid, AccountType) VALUES ('37e456ed-14a3-6717-f3b6-6f4dd73eba9e', '404fe340-1fd3-414b-aadb-e5d54223c257')
INSERT dbo.Cashbox(Oid, AccountType) VALUES ('7e919581-5fd4-1caf-5776-66508ad02725', '469b3ece-744a-45d5-957d-e8c757976496')
INSERT dbo.Cashbox(Oid, AccountType) VALUES ('699acaa2-66da-563a-1702-ce5da15ac776', '2b850d3d-6722-3f01-1bcb-66948daf6128')
INSERT dbo.Cashbox(Oid, AccountType) VALUES ('36a4260a-7f6c-2ec6-f2b6-6f4dd73eba9e', '2dcedb9c-6c32-7d27-977d-e8c757976496')
INSERT dbo.Cashbox(Oid, AccountType) VALUES ('26c1e1f8-3a26-53fe-5876-66508ad02725', '59d19422-6657-452e-a7db-e5d54223c257')
INSERT dbo.Cashbox(Oid, AccountType) VALUES ('5ebb6116-1627-3f70-0602-eefebbd653b8', '4577565a-7e3e-493a-74dd-867949feb8b5')
INSERT dbo.Cashbox(Oid, AccountType) VALUES ('36460dcf-323b-1391-8ec9-bcec0cd444f8', '34cde64f-62e4-186c-77dd-867949feb8b5')
INSERT dbo.Cashbox(Oid, AccountType) VALUES ('2f1172a9-1b5d-6fc4-777e-3e3b283cabde', '2b850d3d-6722-3f01-1bcb-66948daf6128')
INSERT dbo.Cashbox(Oid, AccountType) VALUES ('5e306560-6b07-2cdf-5b76-66508ad02725', '771e3dd1-42bb-2339-acdb-e5d54223c257')
INSERT dbo.Cashbox(Oid, AccountType) VALUES ('66a18612-296a-25b0-d94b-16e575b61049', '768f8e64-7d10-20c9-967d-e8c757976496')
INSERT dbo.Cashbox(Oid, AccountType) VALUES ('5aa02579-73ed-23cd-314d-4c0f86f26090', '34cde64f-62e4-186c-77dd-867949feb8b5')
INSERT dbo.Cashbox(Oid, AccountType) VALUES ('481c748b-2a85-2a28-efb6-6f4dd73eba9e', '5608f456-3b97-2e05-5d92-08c864661f9c')
INSERT dbo.Cashbox(Oid, AccountType) VALUES ('49bdab11-1115-7150-d84b-16e575b61049', '68478414-705a-2626-5c92-08c864661f9c')
INSERT dbo.Cashbox(Oid, AccountType) VALUES ('1e3453a2-3ef5-5f70-8dc9-bcec0cd444f8', '59d19422-6657-452e-a7db-e5d54223c257')
INSERT dbo.Cashbox(Oid, AccountType) VALUES ('69619ef2-1249-20fa-797e-3e3b283cabde', NULL)
INSERT dbo.Cashbox(Oid, AccountType) VALUES ('1a591774-4565-7236-90c9-bcec0cd444f8', '4e272fc4-7875-78d6-7d32-6a1673ffca7c')
INSERT dbo.Cashbox(Oid, AccountType) VALUES ('397bc919-4888-5ab2-402b-e89ea5388e0b', '3f66f2d6-688b-4161-5f92-08c864661f9c')
INSERT dbo.Cashbox(Oid, AccountType) VALUES ('61e25755-3de1-1adf-8fc9-bcec0cd444f8', '46f514e3-3598-177c-6192-08c864661f9c')
INSERT dbo.Cashbox(Oid, AccountType) VALUES ('66b0e9ee-53c2-4a98-432b-e89ea5388e0b', NULL)
INSERT dbo.Cashbox(Oid, AccountType) VALUES ('499200b3-46a5-60a7-f196-94965a4eaa62', NULL)
INSERT dbo.Cashbox(Oid, AccountType) VALUES ('24fee4c1-709c-79d6-1802-ce5da15ac776', NULL)
GO

--
-- Inserting data into table dbo.Payment
--
INSERT dbo.Payment(Oid, Amount, Category, Project, Justification, Comment, Date, Payer, Payee, OptimisticLockField, GCRecord, CreateDate, CheckNumber, IsAuthorized, Number) VALUES ('1f60e54f-196f-45f3-5498-ae38c5379e4b', NULL, NULL, '5126a884-72e7-76eb-3909-69a9b1bfbc32', NULL, NULL, NULL, '43624c49-472d-4810-f296-94965a4eaa62', '2f8a5a0d-54fa-587b-5676-66508ad02725', NULL, 17, '1975-11-06 06:46:31.000', N'31862', NULL, N'82341')
INSERT dbo.Payment(Oid, Amount, Category, Project, Justification, Comment, Date, Payer, Payee, OptimisticLockField, GCRecord, CreateDate, CheckNumber, IsAuthorized, Number) VALUES ('13a507d0-342d-6292-6de3-2ceaa9cf3765', 93, '70701af8-7bc4-5d50-07a6-59a0c0702c31', '7f9589fa-2b58-5866-1c93-373516031d8e', N'F201', N'Pariatur unde totam et rerum. Tempora velit. Omnis iusto. Voluptas rerum!', '2003-02-11 01:10:21.660', '14735d5d-67ff-5dad-412b-e89ea5388e0b', '26c1e1f8-3a26-53fe-5876-66508ad02725', -599382977, -1297204480, '1994-02-21 14:28:01.880', N'30090', 0, N'35616')
INSERT dbo.Payment(Oid, Amount, Category, Project, Justification, Comment, Date, Payer, Payee, OptimisticLockField, GCRecord, CreateDate, CheckNumber, IsAuthorized, Number) VALUES ('6e0dc48e-3eac-6143-9b66-a58ab8ff47ca', 22, '7b2cc0a1-7058-6971-ca8f-e9717deaa492', '6c4ebe20-31c5-1ec9-0948-b983316b8374', N'D4OFXJ8QSD0EMX466B2WGM77SAZ5477', N'Qui recusandae. Dolorum sed sint. Quod quis! Et velit. Similique omnis.', '1985-11-16 20:45:19.260', '1a591774-4565-7236-90c9-bcec0cd444f8', '284445b2-65be-4f66-422b-e89ea5388e0b', -1558087107, -396555021, '2005-04-08 18:54:55.020', N'13550', 0, N'99399')
INSERT dbo.Payment(Oid, Amount, Category, Project, Justification, Comment, Date, Payer, Payee, OptimisticLockField, GCRecord, CreateDate, CheckNumber, IsAuthorized, Number) VALUES ('3650c04e-62b1-6908-5598-ae38c5379e4b', 93, '20aa4bfe-1bf4-6715-0da6-59a0c0702c31', '1897a8f1-37fc-5c9c-3809-69a9b1bfbc32', N'1CIY4Y3ND5PODH9FK5NWYAN8KEAG0K75PX114152KL2M5OFENT7S5MMJ4N4Z5Y79X8MU6QASXWCZ73J5127XV', N'Hic corporis sit quia. Omnis ut. Magni mollitia. Debitis enim.', '2000-01-12 19:24:56.980', '7e919581-5fd4-1caf-5776-66508ad02725', '1259a17c-69e8-7a1c-da4b-16e575b61049', -111916084, -601, '1988-09-14 11:03:56.050', N'80185', 0, N'82060')
INSERT dbo.Payment(Oid, Amount, Category, Project, Justification, Comment, Date, Payer, Payee, OptimisticLockField, GCRecord, CreateDate, CheckNumber, IsAuthorized, Number) VALUES ('6827e1c0-5b98-6d19-831b-27d9d367aeb0', 67, '380cb357-23ad-459d-0ba6-59a0c0702c31', '167940ec-16a3-126a-d07e-e08e331d25c7', N'4E02K358PKVHXDH723206E91C2848XZ781454V6A', N'Unde sunt et nobis natus.', '2016-03-16 05:41:13.630', '2f1172a9-1b5d-6fc4-777e-3e3b283cabde', '61e25755-3de1-1adf-8fc9-bcec0cd444f8', -89948970, 35, '2016-09-06 05:35:58.390', N'70235', 0, N'95270')
INSERT dbo.Payment(Oid, Amount, Category, Project, Justification, Comment, Date, Payer, Payee, OptimisticLockField, GCRecord, CreateDate, CheckNumber, IsAuthorized, Number) VALUES ('1949dae3-4d44-217e-9c66-a58ab8ff47ca', 81, '380cb357-23ad-459d-0ba6-59a0c0702c31', '5c549d77-1e58-4d4e-1fbe-eaf7cc272319', N'B2S13E19PHY530U4UFL7W83O7R8SN0C6EGCRF63GS65AD5960QCUW4WEQ3SJS', N'Reprehenderit illum enim quasi possimus...', '2000-11-10 23:04:09.260', '202cad24-4598-16cf-1a02-ce5da15ac776', '336d8f99-255d-646e-f0b6-6f4dd73eba9e', -1463700094, -1842032745, '2018-05-14 09:08:48.160', N'25376', 0, N'75258')
INSERT dbo.Payment(Oid, Amount, Category, Project, Justification, Comment, Date, Payer, Payee, OptimisticLockField, GCRecord, CreateDate, CheckNumber, IsAuthorized, Number) VALUES ('4958949d-17c9-454d-841b-27d9d367aeb0', 69, '1ce44394-2f81-5943-7aff-f8ad76748b41', '1752b8ca-19e4-4cd1-757d-18b43b6e1561', N'D6NV08', N'Voluptatum quos omnis. A sit. Consectetur et. Amet ut! Laboriosam molestiae.', '2004-04-08 06:22:24.510', '397bc919-4888-5ab2-402b-e89ea5388e0b', '336d8f99-255d-646e-f0b6-6f4dd73eba9e', -782787959, -1034538455, '2008-06-14 23:47:10.450', N'54030', 1, N'51197')
INSERT dbo.Payment(Oid, Amount, Category, Project, Justification, Comment, Date, Payer, Payee, OptimisticLockField, GCRecord, CreateDate, CheckNumber, IsAuthorized, Number) VALUES ('47782bc9-1bf1-7c7b-6ee3-2ceaa9cf3765', 58, '1c1fcd85-59ec-7f23-924a-775f5b0c255b', NULL, N'05F2340JX5ISPFB0UE675N6NU72Q', N'Fugiat et pariatur quia doloremque. Quo modi nemo.', '1970-08-16 15:34:44.680', '397bc919-4888-5ab2-402b-e89ea5388e0b', '1257615f-5ea8-6cd9-0b02-eefebbd653b8', -559690754, NULL, NULL, N'58852', 1, N'96299')
INSERT dbo.Payment(Oid, Amount, Category, Project, Justification, Comment, Date, Payer, Payee, OptimisticLockField, GCRecord, CreateDate, CheckNumber, IsAuthorized, Number) VALUES ('1242d680-4f02-3bbb-9d66-a58ab8ff47ca', 54, '334d4519-33ef-6c5f-7cff-f8ad76748b41', '1ee39b95-6a6d-4cdf-5d32-9a0257d67b47', N'93CSPS54U31', N'Vitae error eos ut. Aut ea at dolorem. At minus!', '2018-04-24 18:27:41.690', '699acaa2-66da-563a-1702-ce5da15ac776', '336d8f99-255d-646e-f0b6-6f4dd73eba9e', -1, -669915443, '1983-09-05 05:37:47.280', N'26634', 1, N'26208')
INSERT dbo.Payment(Oid, Amount, Category, Project, Justification, Comment, Date, Payer, Payee, OptimisticLockField, GCRecord, CreateDate, CheckNumber, IsAuthorized, Number) VALUES ('114b715b-430f-74cd-d5c6-21b180c0988f', 27, '2cfa16ff-1641-46e2-b344-6bc098520b79', '6b9b7137-3dd3-7b12-b733-62dd4e858bad', N'03CI98Z3WSHDR8GN73D3F', N'Est a. Doloribus sint itaque nam quia!', '1981-09-15 01:30:40.780', '36a4260a-7f6c-2ec6-f2b6-6f4dd73eba9e', '499200b3-46a5-60a7-f196-94965a4eaa62', -509434008, -898806274, '1987-03-03 11:05:37.000', N'42721', 1, N'01467')
INSERT dbo.Payment(Oid, Amount, Category, Project, Justification, Comment, Date, Payer, Payee, OptimisticLockField, GCRecord, CreateDate, CheckNumber, IsAuthorized, Number) VALUES ('234be17d-3820-7daa-5698-ae38c5379e4b', 49, '2a2317ec-7be5-49d8-f25a-dbeedbd89217', '5a851e09-4a52-7284-0648-b983316b8374', N'WDBAA4Z351F8801W6AVNZ7G2POT561V38A7210VDWTAWLZUQ', N'Et cumque sit dolorem id. Nostrum quam facilis saepe.', '1996-12-17 17:25:09.950', '3f22df3a-3b15-3b5a-787e-3e3b283cabde', '69619ef2-1249-20fa-797e-3e3b283cabde', -94387014, -1971633085, '1999-05-09 17:34:11.330', N'68440', 0, N'26840')
INSERT dbo.Payment(Oid, Amount, Category, Project, Justification, Comment, Date, Payer, Payee, OptimisticLockField, GCRecord, CreateDate, CheckNumber, IsAuthorized, Number) VALUES ('3564d2c8-2839-5bf7-851b-27d9d367aeb0', 82, '73e731d0-5a66-755a-691f-62d5266e68a0', '24c4b5df-5d2a-53c2-b533-62dd4e858bad', N'X8O4D6Y3L46RUIF08TNBG45119', N'Nihil nesciunt amet ullam. Beatae recusandae veniam. Voluptatem quisquam.', '2015-09-16 08:42:07.610', '3f22df3a-3b15-3b5a-787e-3e3b283cabde', '1e3453a2-3ef5-5f70-8dc9-bcec0cd444f8', -1476611773, -5, '1994-09-13 14:19:20.040', N'06826', 0, N'98265')
INSERT dbo.Payment(Oid, Amount, Category, Project, Justification, Comment, Date, Payer, Payee, OptimisticLockField, GCRecord, CreateDate, CheckNumber, IsAuthorized, Number) VALUES ('7fa72f44-2825-2b26-d190-152dfadf6d0d', 52, '44b28091-5231-5329-cb8f-e9717deaa492', '5c549d77-1e58-4d4e-1fbe-eaf7cc272319', N'737I0', N'Repudiandae sed beatae molestiae consectetur. Omnis a! Mollitia nostrum. Et.', '2004-11-06 09:55:14.610', '5984fdaa-1e0e-68c7-3e2b-e89ea5388e0b', '228bfc03-38db-4741-f096-94965a4eaa62', -1677741864, -1433011978, '1986-01-26 04:13:17.680', N'01752', 1, N'77381')
INSERT dbo.Payment(Oid, Amount, Category, Project, Justification, Comment, Date, Payer, Payee, OptimisticLockField, GCRecord, CreateDate, CheckNumber, IsAuthorized, Number) VALUES ('26895d47-1420-68d0-9e66-a58ab8ff47ca', 30, '45706b02-17ac-116f-681f-62d5266e68a0', '438f32b0-4d8e-4d3b-777d-18b43b6e1561', N'6EQGVYTP787R19E4U685QI', N'Quis odio voluptatem odit iste.', '1984-03-09 04:16:44.030', '2f1172a9-1b5d-6fc4-777e-3e3b283cabde', '336d8f99-255d-646e-f0b6-6f4dd73eba9e', -444154686, 571, '2000-04-05 11:34:05.190', N'48208', 0, N'58730')
INSERT dbo.Payment(Oid, Amount, Category, Project, Justification, Comment, Date, Payer, Payee, OptimisticLockField, GCRecord, CreateDate, CheckNumber, IsAuthorized, Number) VALUES ('23df2104-50d7-1d9c-eadb-93dede770727', 21, '45706b02-17ac-116f-681f-62d5266e68a0', '12e83c52-5faa-79c9-ce7e-e08e331d25c7', N'2TDJ5NA5UZTB854JQW2L', N'Sunt deleniti ipsum sequi doloribus. Enim tenetur! Dignissimos et? Est error!', '2004-03-07 20:39:48.510', '5e306560-6b07-2cdf-5b76-66508ad02725', '1e3453a2-3ef5-5f70-8dc9-bcec0cd444f8', -280694610, -2049324517, '1972-05-15 14:35:47.290', N'91066', 0, N'80473')
INSERT dbo.Payment(Oid, Amount, Category, Project, Justification, Comment, Date, Payer, Payee, OptimisticLockField, GCRecord, CreateDate, CheckNumber, IsAuthorized, Number) VALUES ('4c411322-7cb4-657d-6fe3-2ceaa9cf3765', 5, '6fd9cee5-30b5-5670-79ff-f8ad76748b41', '66af213e-6ed1-770c-5c32-9a0257d67b47', N'24X37K31S4LW3TL4KD952L9K24PYE34PXLQ9PYMH', N'Omnis ut nam magnam modi.', '2019-09-17 12:49:44.490', '1b3166b4-1301-5956-5a76-66508ad02725', '5ebb6116-1627-3f70-0602-eefebbd653b8', -1135043815, -2116982070, '1977-01-24 01:08:11.300', N'73759', 0, N'94740')
INSERT dbo.Payment(Oid, Amount, Category, Project, Justification, Comment, Date, Payer, Payee, OptimisticLockField, GCRecord, CreateDate, CheckNumber, IsAuthorized, Number) VALUES ('3800012e-758c-1328-861b-27d9d367aeb0', 55, '2a2317ec-7be5-49d8-f25a-dbeedbd89217', '17907d4e-7c0c-5df6-b833-62dd4e858bad', N'6G081YZ262R1E57HNN58ZFLP6130K5V8C', N'Sint numquam sed et consectetur. Et voluptatem molestias sint veritatis!', '1999-05-30 03:04:50.310', '1259a17c-69e8-7a1c-da4b-16e575b61049', NULL, -1029320644, -792, '1995-02-09 00:03:34.240', N'05933', 1, N'46957')
INSERT dbo.Payment(Oid, Amount, Category, Project, Justification, Comment, Date, Payer, Payee, OptimisticLockField, GCRecord, CreateDate, CheckNumber, IsAuthorized, Number) VALUES ('4782d29d-4baf-7371-d290-152dfadf6d0d', 64, '7c185eef-7078-4c53-816a-e0860b0602ba', '4a084a3f-5d99-1372-b433-62dd4e858bad', N'5VVTH0FE4PW58', N'Est eos iusto rem. Unde a aut! Quae soluta. Et non.', '2007-12-14 09:41:49.860', '2f1172a9-1b5d-6fc4-777e-3e3b283cabde', NULL, -325571398, -861, '1981-03-31 18:50:48.590', N'56631', 1, N'49100')
INSERT dbo.Payment(Oid, Amount, Category, Project, Justification, Comment, Date, Payer, Payee, OptimisticLockField, GCRecord, CreateDate, CheckNumber, IsAuthorized, Number) VALUES ('25a1ce30-4ae1-2133-9f66-a58ab8ff47ca', 32, '1d761207-4485-528e-806a-e0860b0602ba', '39e40431-57bb-7682-b633-62dd4e858bad', N'60TCJA5793D24V733M', N'Nesciunt inventore magnam vitae. Sed voluptatem! Sit nisi et nihil voluptates.', '2006-01-15 18:19:32.870', '3f22df3a-3b15-3b5a-787e-3e3b283cabde', '1b3166b4-1301-5956-5a76-66508ad02725', -1662410686, -2041202743, '2005-11-19 15:58:31.330', N'28477', 1, N'56780')
INSERT dbo.Payment(Oid, Amount, Category, Project, Justification, Comment, Date, Payer, Payee, OptimisticLockField, GCRecord, CreateDate, CheckNumber, IsAuthorized, Number) VALUES ('2ed98b4b-4f60-6e40-5798-ae38c5379e4b', 74, '2cc67e6d-5a05-423e-7dff-f8ad76748b41', '582165db-7775-1bec-2093-373516031d8e', N'L', N'Doloremque dolor illum repellat quia. Quis quae. Qui consequuntur. Voluptates.', '1992-02-17 08:46:22.410', '66a18612-296a-25b0-d94b-16e575b61049', '2f1172a9-1b5d-6fc4-777e-3e3b283cabde', -1448783861, -1822866915, '1979-12-31 00:27:51.650', N'25813', 0, N'42388')
INSERT dbo.Payment(Oid, Amount, Category, Project, Justification, Comment, Date, Payer, Payee, OptimisticLockField, GCRecord, CreateDate, CheckNumber, IsAuthorized, Number) VALUES ('3d5b1131-38b5-2128-ebdb-93dede770727', 18, '1882a7c3-4ac9-63c5-934a-775f5b0c255b', '42b2fa47-5255-25d8-767d-18b43b6e1561', N'EGS5GW7YXS7C6', N'Et ut non. Voluptatem omnis ad nulla consequatur; fuga officiis.', '1975-12-17 22:03:27.430', '5e306560-6b07-2cdf-5b76-66508ad02725', '336d8f99-255d-646e-f0b6-6f4dd73eba9e', -421, -1911341426, '2019-02-08 01:42:21.890', N'54518', 1, N'32802')
INSERT dbo.Payment(Oid, Amount, Category, Project, Justification, Comment, Date, Payer, Payee, OptimisticLockField, GCRecord, CreateDate, CheckNumber, IsAuthorized, Number) VALUES ('193ee03f-15cd-70e7-bd7b-a3ff9b28ff75', 9, '6fd9cee5-30b5-5670-79ff-f8ad76748b41', '169b892d-4fb7-2a17-2193-373516031d8e', N'2P23S51SWA7KA3F5GOKIT856VO3Q0TSG4DW85PR8H75X919K4149RN3599B263CEAL85T87S3TABKXHY', N'Consequatur iure provident commodi assumenda. Qui ipsa; consequuntur;', '1995-09-11 07:12:01.640', '26c1e1f8-3a26-53fe-5876-66508ad02725', '202cad24-4598-16cf-1a02-ce5da15ac776', -1562317690, -9, '2014-10-28 11:26:46.680', N'96555', 1, N'78560')
INSERT dbo.Payment(Oid, Amount, Category, Project, Justification, Comment, Date, Payer, Payee, OptimisticLockField, GCRecord, CreateDate, CheckNumber, IsAuthorized, Number) VALUES ('3a0a7c7d-432b-6cf9-871b-27d9d367aeb0', 43, '20aa4bfe-1bf4-6715-0da6-59a0c0702c31', '495ff429-25fd-4337-1f93-373516031d8e', N'XX7TXZ8JLD53BJ5579LH51C56X31132RRVI0SL6KY0XYN1E8TA6S1Y0V289S3Y2777UY8X0XTEC37FRXD0972856037TOGK7A4WK', N'Facilis voluptates. Natus dolore aliquam vero iste. Aut voluptates facilis.', '1993-06-23 00:41:33.450', '61e25755-3de1-1adf-8fc9-bcec0cd444f8', '36ce1756-1d21-7373-f1b6-6f4dd73eba9e', 9, -7655, '2010-10-05 13:16:19.860', N'07607', 1, N'93799')
INSERT dbo.Payment(Oid, Amount, Category, Project, Justification, Comment, Date, Payer, Payee, OptimisticLockField, GCRecord, CreateDate, CheckNumber, IsAuthorized, Number) VALUES ('6123f364-3fd4-3ffe-3e6b-1629b83affd2', 5, '6e12e208-3a95-539a-f45a-dbeedbd89217', '169b892d-4fb7-2a17-2193-373516031d8e', N'8M6PYGGBF73M3M4EKT15RT690U', N'Ut vitae voluptatum. Tempore et fugiat sit quia. Modi harum!', '2008-01-21 13:42:05.080', '3a6dba26-6960-6953-d74b-16e575b61049', '5ebb6116-1627-3f70-0602-eefebbd653b8', -1111872394, -1278753832, '1991-08-06 22:38:12.090', N'86989', 0, N'67709')
INSERT dbo.Payment(Oid, Amount, Category, Project, Justification, Comment, Date, Payer, Payee, OptimisticLockField, GCRecord, CreateDate, CheckNumber, IsAuthorized, Number) VALUES ('4520aa7f-492a-3c02-a066-a58ab8ff47ca', 50, '4f128bf7-7cde-51c3-f35a-dbeedbd89217', '5a851e09-4a52-7284-0648-b983316b8374', N'5519LRHAR553', N'Explicabo numquam atque in corrupti...', '1984-01-12 23:47:15.760', '14735d5d-67ff-5dad-412b-e89ea5388e0b', '336d8f99-255d-646e-f0b6-6f4dd73eba9e', -1864233058, 7, '1982-04-13 18:06:42.320', N'57077', 0, N'00541')
INSERT dbo.Payment(Oid, Amount, Category, Project, Justification, Comment, Date, Payer, Payee, OptimisticLockField, GCRecord, CreateDate, CheckNumber, IsAuthorized, Number) VALUES ('75c44418-37aa-50bc-70e3-2ceaa9cf3765', NULL, NULL, '5f4ef1d4-6cef-1cfb-0848-b983316b8374', NULL, NULL, NULL, NULL, '1a591774-4565-7236-90c9-bcec0cd444f8', NULL, -1087073439, '2016-09-08 22:29:02.080', N'49037', NULL, N'04826')
INSERT dbo.Payment(Oid, Amount, Category, Project, Justification, Comment, Date, Payer, Payee, OptimisticLockField, GCRecord, CreateDate, CheckNumber, IsAuthorized, Number) VALUES ('45e44dc8-211f-27ef-881b-27d9d367aeb0', 9, '4ca73c94-291d-73c7-954a-775f5b0c255b', '5c549d77-1e58-4d4e-1fbe-eaf7cc272319', N'KIN0UW1J', N'Tempore laboriosam unde dignissimos. Laboriosam nobis! Ab nam. Autem tempore.', '1995-09-20 09:46:16.870', '51d8cc33-7be1-161f-f396-94965a4eaa62', '7a311573-456f-56e3-0902-eefebbd653b8', -436477743, -693702741, '2006-10-29 03:13:52.620', N'92422', 0, N'64495')
INSERT dbo.Payment(Oid, Amount, Category, Project, Justification, Comment, Date, Payer, Payee, OptimisticLockField, GCRecord, CreateDate, CheckNumber, IsAuthorized, Number) VALUES ('42057b24-694d-4ae8-a166-a58ab8ff47ca', 51, '7f5a4dac-6d24-2306-09a6-59a0c0702c31', '582165db-7775-1bec-2093-373516031d8e', N'GTC078M', N'Voluptatem est qui dicta eligendi.', '1982-07-20 00:24:57.940', '51d8cc33-7be1-161f-f396-94965a4eaa62', '336d8f99-255d-646e-f0b6-6f4dd73eba9e', -7296, -1167375384, '1993-08-12 18:45:44.390', N'90287', 0, N'43231')
INSERT dbo.Payment(Oid, Amount, Category, Project, Justification, Comment, Date, Payer, Payee, OptimisticLockField, GCRecord, CreateDate, CheckNumber, IsAuthorized, Number) VALUES ('7202aaab-47c8-2e5d-5898-ae38c5379e4b', 37, '1a40131a-73f7-1c19-8d0b-d111d7560dd1', '39e40431-57bb-7682-b633-62dd4e858bad', N'I9UKHP', N'Ad culpa asperiores unde error; quia vero. Ad in! Omnis ea. Quidem magnam...', '1986-03-19 13:03:44.010', NULL, '7959e1dd-2e0b-4306-7a7e-3e3b283cabde', -1937146433, -119892077, '1980-01-01 07:44:41.500', N'88184', 0, N'57014')
INSERT dbo.Payment(Oid, Amount, Category, Project, Justification, Comment, Date, Payer, Payee, OptimisticLockField, GCRecord, CreateDate, CheckNumber, IsAuthorized, Number) VALUES ('7d765e2c-410d-67ac-71e3-2ceaa9cf3765', 74, '4f128bf7-7cde-51c3-f35a-dbeedbd89217', '1c88c2a4-1aa1-1a3e-465f-1885b89fc8fc', N'0TV7DEE3L38OP7L610M9EJ4EUP2G3WI500F5LYT347038JEC97HO676N41GG938H5J75Y0GVES08Z28BMHL5575YWFC5JE17Y055', N'Voluptatibus et. Excepturi dolorem dicta inventore ea.', '1998-01-12 11:25:32.870', '1257615f-5ea8-6cd9-0b02-eefebbd653b8', '7a311573-456f-56e3-0902-eefebbd653b8', -104211460, -1532161842, '1993-04-16 03:30:55.340', N'87437', 0, N'23395')
INSERT dbo.Payment(Oid, Amount, Category, Project, Justification, Comment, Date, Payer, Payee, OptimisticLockField, GCRecord, CreateDate, CheckNumber, IsAuthorized, Number) VALUES ('7c3b7b80-7de9-412e-54b6-94da9cd298ec', NULL, NULL, '1752b8ca-19e4-4cd1-757d-18b43b6e1561', NULL, NULL, NULL, '5e306560-6b07-2cdf-5b76-66508ad02725', '336d8f99-255d-646e-f0b6-6f4dd73eba9e', NULL, -456588987, '1989-09-06 17:48:09.970', N'19425', NULL, N'67824')
INSERT dbo.Payment(Oid, Amount, Category, Project, Justification, Comment, Date, Payer, Payee, OptimisticLockField, GCRecord, CreateDate, CheckNumber, IsAuthorized, Number) VALUES ('4ba825b4-6631-78d1-5998-ae38c5379e4b', 83, '6fd9cee5-30b5-5670-79ff-f8ad76748b41', '1897a8f1-37fc-5c9c-3809-69a9b1bfbc32', N'4NG0V7RNPI356MPW0VU4UYG32411NP34PMAZ76FP7876R4YD3TP7UM88I12WD443OIP83T3GG8FREU5L6LLYI2691967Q', N'Labore fuga omnis ut reprehenderit. Aspernatur molestiae in rerum velit.', '2015-05-21 17:12:44.630', '1259a17c-69e8-7a1c-da4b-16e575b61049', '5984fdaa-1e0e-68c7-3e2b-e89ea5388e0b', -1088592761, 2, '1988-10-23 19:39:38.060', N'89303', 1, N'91575')
INSERT dbo.Payment(Oid, Amount, Category, Project, Justification, Comment, Date, Payer, Payee, OptimisticLockField, GCRecord, CreateDate, CheckNumber, IsAuthorized, Number) VALUES ('357ec50e-37ed-43fc-d6c6-21b180c0988f', 6, '6fd9cee5-30b5-5670-79ff-f8ad76748b41', '4a084a3f-5d99-1372-b433-62dd4e858bad', N'2ALDI51F2Q3SU', N'Velit aperiam ex voluptas. Vero assumenda esse rerum officia!', '1977-04-19 10:58:09.190', '751604f5-1e51-6d47-3f2b-e89ea5388e0b', '36460dcf-323b-1391-8ec9-bcec0cd444f8', -140, 998, '2021-08-24 12:38:39.030', N'45302', 1, N'19834')
INSERT dbo.Payment(Oid, Amount, Category, Project, Justification, Comment, Date, Payer, Payee, OptimisticLockField, GCRecord, CreateDate, CheckNumber, IsAuthorized, Number) VALUES ('399fc05a-6ef7-1a2d-3f6b-1629b83affd2', 51, '4ca73c94-291d-73c7-954a-775f5b0c255b', '4a084a3f-5d99-1372-b433-62dd4e858bad', N'XL9E2T2LS3O761U2A1C11N82PIV78D7ET0Y', N'Dolore veniam. Quae voluptatem libero! Expedita sunt. Est ratione. Ut!', '1993-10-05 07:59:22.940', '1259a17c-69e8-7a1c-da4b-16e575b61049', '6c4c1f9b-1644-2620-5976-66508ad02725', -1097423728, -366627093, '2017-11-11 03:25:21.000', N'23214', 0, N'64092')
INSERT dbo.Payment(Oid, Amount, Category, Project, Justification, Comment, Date, Payer, Payee, OptimisticLockField, GCRecord, CreateDate, CheckNumber, IsAuthorized, Number) VALUES ('54878d33-29de-72c5-891b-27d9d367aeb0', 86, '1ce44394-2f81-5943-7aff-f8ad76748b41', '42b2fa47-5255-25d8-767d-18b43b6e1561', N'4N3PV5PV1F1', N'Est omnis est rerum pariatur.', '1984-10-17 07:26:57.420', '669afd3f-720a-6e34-1902-ce5da15ac776', NULL, -1844020005, 390, '1983-05-30 09:22:28.320', N'51343', 1, N'83794')
INSERT dbo.Payment(Oid, Amount, Category, Project, Justification, Comment, Date, Payer, Payee, OptimisticLockField, GCRecord, CreateDate, CheckNumber, IsAuthorized, Number) VALUES ('7310a7ce-72fc-6d87-55b6-94da9cd298ec', 64, '1ce44394-2f81-5943-7aff-f8ad76748b41', '39e40431-57bb-7682-b633-62dd4e858bad', N'C1MWJ29K76TQUF056DQ0', N'Ipsam harum eum. Assumenda illo maxime aperiam beatae!', '2010-01-12 11:49:39.760', '1259a17c-69e8-7a1c-da4b-16e575b61049', '751604f5-1e51-6d47-3f2b-e89ea5388e0b', -969443631, -647756143, '1990-02-06 02:46:48.500', N'75699', 1, N'23155')
INSERT dbo.Payment(Oid, Amount, Category, Project, Justification, Comment, Date, Payer, Payee, OptimisticLockField, GCRecord, CreateDate, CheckNumber, IsAuthorized, Number) VALUES ('34d489e2-6add-5426-d390-152dfadf6d0d', 89, '274ef38d-6952-6e33-ce8f-e9717deaa492', '2643c0f2-5381-7a86-1d93-373516031d8e', N'8385GWUQXPVI', N'Officia totam dolorem dolor. Est commodi; rerum ut. Itaque sapiente;', '1975-07-11 13:46:04.710', '58fc185f-1925-3117-334d-4c0f86f26090', '669afd3f-720a-6e34-1902-ce5da15ac776', -1602541421, -39, '1970-01-28 00:47:43.770', N'30971', 1, N'03038')
INSERT dbo.Payment(Oid, Amount, Category, Project, Justification, Comment, Date, Payer, Payee, OptimisticLockField, GCRecord, CreateDate, CheckNumber, IsAuthorized, Number) VALUES ('5499db4b-17be-2f25-72e3-2ceaa9cf3765', 36, '1882a7c3-4ac9-63c5-934a-775f5b0c255b', '1752b8ca-19e4-4cd1-757d-18b43b6e1561', N'QHW453AE748HD9AM16552W5M24G9DGP0F96K0V787WMDF5JG86NGQW9665Q92339BJ4L3G40JH2G4Q8ST0AQH23PD4ESV', N'Quos consequuntur fuga labore ut. Fugit voluptatem? Sit provident. Vel.', '1974-10-07 04:46:28.470', '7959e1dd-2e0b-4306-7a7e-3e3b283cabde', '5984fdaa-1e0e-68c7-3e2b-e89ea5388e0b', -1834281272, -1995722055, '2017-09-26 16:09:07.190', N'50730', 1, N'60007')
INSERT dbo.Payment(Oid, Amount, Category, Project, Justification, Comment, Date, Payer, Payee, OptimisticLockField, GCRecord, CreateDate, CheckNumber, IsAuthorized, Number) VALUES ('7f333d8e-5137-568f-be7b-a3ff9b28ff75', 17, '172bfb98-61e3-1a45-b144-6bc098520b79', '5126a884-72e7-76eb-3909-69a9b1bfbc32', N'F100W9F6VPON8B208426A10QB35F0188K8TA3K2S92RDP71L8756U963J6EW052C37BG2JU4723E471X4637F8JW0MVCNL4F272H', N'Et sit aliquid quae. Nihil deleniti est et. Ipsam molestias.', '1998-09-29 15:07:33.010', '1257615f-5ea8-6cd9-0b02-eefebbd653b8', '1a361dba-2edd-6ebd-324d-4c0f86f26090', -1375221000, -698302100, '2005-09-25 18:31:32.930', N'06712', 1, N'80202')
INSERT dbo.Payment(Oid, Amount, Category, Project, Justification, Comment, Date, Payer, Payee, OptimisticLockField, GCRecord, CreateDate, CheckNumber, IsAuthorized, Number) VALUES ('3e34c4f2-3a6c-62c5-a266-a58ab8ff47ca', 28, '4419e3b6-6dcb-722d-ef5a-dbeedbd89217', '5c549d77-1e58-4d4e-1fbe-eaf7cc272319', N'T2UTM868FL3P0XHT617QYT8TSY448I9XD2', N'Consequatur minus illum consequuntur porro. Harum aut.', '1994-10-24 05:48:32.710', '5e306560-6b07-2cdf-5b76-66508ad02725', '51d8cc33-7be1-161f-f396-94965a4eaa62', -465153655, -1092862625, '1978-02-19 23:26:13.220', N'54828', 1, N'86963')
INSERT dbo.Payment(Oid, Amount, Category, Project, Justification, Comment, Date, Payer, Payee, OptimisticLockField, GCRecord, CreateDate, CheckNumber, IsAuthorized, Number) VALUES ('6ff002a7-47b1-79ff-8a1b-27d9d367aeb0', 3, '4e86ee0c-533e-1855-671f-62d5266e68a0', '1ba4c500-5a33-4cef-3709-69a9b1bfbc32', N'R4', N'Ut dolorem nisi ab repudiandae. Voluptatem eum. Qui sit. Nihil nostrum...', '1977-04-18 14:07:58.140', '58fc185f-1925-3117-334d-4c0f86f26090', '397bc919-4888-5ab2-402b-e89ea5388e0b', -736452340, 92, '2012-10-23 07:00:16.770', N'75541', 1, N'16897')
INSERT dbo.Payment(Oid, Amount, Category, Project, Justification, Comment, Date, Payer, Payee, OptimisticLockField, GCRecord, CreateDate, CheckNumber, IsAuthorized, Number) VALUES ('67cb2614-27d9-36f4-406b-1629b83affd2', 18, '45706b02-17ac-116f-681f-62d5266e68a0', '42b2fa47-5255-25d8-767d-18b43b6e1561', N'322', N'Error dolorem. Vitae dolor perspiciatis sint et.', '1990-03-29 13:29:12.060', '36a4260a-7f6c-2ec6-f2b6-6f4dd73eba9e', '1e3453a2-3ef5-5f70-8dc9-bcec0cd444f8', -475373081, -290604169, '1982-08-03 00:19:05.560', N'64166', 1, N'78934')
INSERT dbo.Payment(Oid, Amount, Category, Project, Justification, Comment, Date, Payer, Payee, OptimisticLockField, GCRecord, CreateDate, CheckNumber, IsAuthorized, Number) VALUES ('32eb6bd6-6c74-4c19-d7c6-21b180c0988f', 63, '676c50b7-4130-6122-b044-6bc098520b79', '31bc6e74-7ec1-593a-6032-9a0257d67b47', N'HK7V', N'Maiores soluta. Blanditiis voluptatem suscipit ab atque.', '2009-03-08 19:42:28.020', '36460dcf-323b-1391-8ec9-bcec0cd444f8', '58fc185f-1925-3117-334d-4c0f86f26090', 32, -163068846, '1982-11-02 20:03:08.350', N'75446', 0, N'10303')
INSERT dbo.Payment(Oid, Amount, Category, Project, Justification, Comment, Date, Payer, Payee, OptimisticLockField, GCRecord, CreateDate, CheckNumber, IsAuthorized, Number) VALUES ('3198e88a-43ba-6e4f-a366-a58ab8ff47ca', 9, '73e731d0-5a66-755a-691f-62d5266e68a0', '3778fd78-672b-358c-5e32-9a0257d67b47', N'H743ZBH21S30OT0OTB15Z04370F1WP37SQFY51LY6G93W2KKF1I4F86SR5J', N'Molestiae sint possimus. Mollitia unde voluptas qui. Vero officiis natus.', '1996-10-11 08:35:45.480', '5aa02579-73ed-23cd-314d-4c0f86f26090', '669afd3f-720a-6e34-1902-ce5da15ac776', -1741706279, -1404946032, '1984-06-07 17:27:27.440', N'82415', 1, N'37905')
INSERT dbo.Payment(Oid, Amount, Category, Project, Justification, Comment, Date, Payer, Payee, OptimisticLockField, GCRecord, CreateDate, CheckNumber, IsAuthorized, Number) VALUES ('446c9f77-34e0-2453-8b1b-27d9d367aeb0', 45, '2a2317ec-7be5-49d8-f25a-dbeedbd89217', '31a38fa9-4c3b-4cf0-0548-b983316b8374', N'76XSZ201R3A2XY3EW6JM83TAZ', N'Recusandae iusto. Quasi illum repudiandae! Fugiat aut. Voluptatum sed! Quia.', '1994-08-10 01:29:06.820', '4f7021f5-7800-11be-0a02-eefebbd653b8', NULL, -1137387767, 809, '2007-11-28 21:26:57.060', N'17667', 1, N'50330')
INSERT dbo.Payment(Oid, Amount, Category, Project, Justification, Comment, Date, Payer, Payee, OptimisticLockField, GCRecord, CreateDate, CheckNumber, IsAuthorized, Number) VALUES ('5735931e-471e-4e0a-a466-a58ab8ff47ca', 86, '152bd1b0-3e3e-6e7b-7bff-f8ad76748b41', '5126a884-72e7-76eb-3909-69a9b1bfbc32', N'5N9S1RO72RL', N'Quisquam porro suscipit enim. Consequatur quod quaerat veniam inventore.', '2019-10-15 06:18:34.140', '24fee4c1-709c-79d6-1802-ce5da15ac776', '2f1172a9-1b5d-6fc4-777e-3e3b283cabde', -1097828933, -1107863015, '2009-01-07 16:54:30.010', N'82506', 0, N'48924')
INSERT dbo.Payment(Oid, Amount, Category, Project, Justification, Comment, Date, Payer, Payee, OptimisticLockField, GCRecord, CreateDate, CheckNumber, IsAuthorized, Number) VALUES ('74ceacc3-3385-445b-5a98-ae38c5379e4b', 50, '2a2317ec-7be5-49d8-f25a-dbeedbd89217', NULL, N'8', N'Dolores sunt error est dicta.', '1997-09-25 04:51:55.660', '397bc919-4888-5ab2-402b-e89ea5388e0b', '4f7021f5-7800-11be-0a02-eefebbd653b8', -9, -10, '1972-02-15 19:48:18.940', N'27014', 1, N'35119')
INSERT dbo.Payment(Oid, Amount, Category, Project, Justification, Comment, Date, Payer, Payee, OptimisticLockField, GCRecord, CreateDate, CheckNumber, IsAuthorized, Number) VALUES ('24b8283e-35c3-4fc4-73e3-2ceaa9cf3765', 4, '6e12e208-3a95-539a-f45a-dbeedbd89217', NULL, N'26I74MO037J70YK8ZN669U0G7N3C4', N'Non in sapiente voluptatum. Libero beatae omnis sit. Error eaque.', '2011-09-23 18:04:52.610', NULL, '4f7021f5-7800-11be-0a02-eefebbd653b8', -1737131369, -3, '2018-08-23 14:09:08.170', N'36971', 1, N'11015')
INSERT dbo.Payment(Oid, Amount, Category, Project, Justification, Comment, Date, Payer, Payee, OptimisticLockField, GCRecord, CreateDate, CheckNumber, IsAuthorized, Number) VALUES ('592d4ad8-3675-2016-ecdb-93dede770727', 76, NULL, NULL, N'22G6188EAABWSVVKKXRMW4NK509XQ8T8Z22U5', N'Architecto dolorum sunt. Voluptatem vel. Fuga at; reprehenderit omnis; minus.', '1981-04-07 08:37:46.380', NULL, '51d8cc33-7be1-161f-f396-94965a4eaa62', 3, 6, '1985-07-15 06:25:38.960', N'09807', 0, N'03296')
INSERT dbo.Payment(Oid, Amount, Category, Project, Justification, Comment, Date, Payer, Payee, OptimisticLockField, GCRecord, CreateDate, CheckNumber, IsAuthorized, Number) VALUES ('6462f381-27bb-2826-d490-152dfadf6d0d', 86, NULL, NULL, N'2E2Z', N'Minima dolorem quae. Fugit officia facilis! Perspiciatis beatae consectetur.', '1977-10-26 10:21:33.260', NULL, NULL, -1825713468, -416849339, '1980-12-17 18:36:58.710', N'50590', 0, N'56518')
GO

--
-- Inserting data into table dbo.Supplier
--
INSERT dbo.Supplier(Oid, Contact, ProfitByMaterialAsPayer, ProfitByMaterialAsPayee, CostByMaterialAsPayer) VALUES ('202cad24-4598-16cf-1a02-ce5da15ac776', N'Ambrose Handy', 0, 1, 0)
INSERT dbo.Supplier(Oid, Contact, ProfitByMaterialAsPayer, ProfitByMaterialAsPayee, CostByMaterialAsPayer) VALUES ('36a4260a-7f6c-2ec6-f2b6-6f4dd73eba9e', NULL, NULL, 1, NULL)
INSERT dbo.Supplier(Oid, Contact, ProfitByMaterialAsPayer, ProfitByMaterialAsPayee, CostByMaterialAsPayer) VALUES ('36ce1756-1d21-7373-f1b6-6f4dd73eba9e', N'Roxann Perrin', 1, 0, 0)
INSERT dbo.Supplier(Oid, Contact, ProfitByMaterialAsPayer, ProfitByMaterialAsPayee, CostByMaterialAsPayer) VALUES ('2f1172a9-1b5d-6fc4-777e-3e3b283cabde', N'Dave Tabor', 1, 1, 0)
INSERT dbo.Supplier(Oid, Contact, ProfitByMaterialAsPayer, ProfitByMaterialAsPayee, CostByMaterialAsPayer) VALUES ('3a6dba26-6960-6953-d74b-16e575b61049', N'Leonardo Adair', 0, NULL, 1)
INSERT dbo.Supplier(Oid, Contact, ProfitByMaterialAsPayer, ProfitByMaterialAsPayee, CostByMaterialAsPayer) VALUES ('1257615f-5ea8-6cd9-0b02-eefebbd653b8', N'Aurelio Sample', 1, 0, 1)
INSERT dbo.Supplier(Oid, Contact, ProfitByMaterialAsPayer, ProfitByMaterialAsPayee, CostByMaterialAsPayer) VALUES ('2dc6dc0b-307b-3bde-5c76-66508ad02725', N'Manual Nadeau', 1, NULL, 1)
INSERT dbo.Supplier(Oid, Contact, ProfitByMaterialAsPayer, ProfitByMaterialAsPayee, CostByMaterialAsPayer) VALUES ('5f00c41b-39dc-51ee-0802-eefebbd653b8', N'Katina Abel', 1, 1, 1)
INSERT dbo.Supplier(Oid, Contact, ProfitByMaterialAsPayer, ProfitByMaterialAsPayee, CostByMaterialAsPayer) VALUES ('284445b2-65be-4f66-422b-e89ea5388e0b', N'Frances Abney', 0, 0, 0)
INSERT dbo.Supplier(Oid, Contact, ProfitByMaterialAsPayer, ProfitByMaterialAsPayee, CostByMaterialAsPayer) VALUES ('26c1e1f8-3a26-53fe-5876-66508ad02725', N'Abraham Pfeiffer', 1, 1, 1)
INSERT dbo.Supplier(Oid, Contact, ProfitByMaterialAsPayer, ProfitByMaterialAsPayee, CostByMaterialAsPayer) VALUES ('58fc185f-1925-3117-334d-4c0f86f26090', N'Beatrice Medlock', 1, 1, 1)
INSERT dbo.Supplier(Oid, Contact, ProfitByMaterialAsPayer, ProfitByMaterialAsPayee, CostByMaterialAsPayer) VALUES ('36460dcf-323b-1391-8ec9-bcec0cd444f8', N'Demetrius Brinkley', 0, 0, 1)
INSERT dbo.Supplier(Oid, Contact, ProfitByMaterialAsPayer, ProfitByMaterialAsPayee, CostByMaterialAsPayer) VALUES ('336d8f99-255d-646e-f0b6-6f4dd73eba9e', N'Dawn Rivers', 0, 1, 0)
INSERT dbo.Supplier(Oid, Contact, ProfitByMaterialAsPayer, ProfitByMaterialAsPayee, CostByMaterialAsPayer) VALUES ('481c748b-2a85-2a28-efb6-6f4dd73eba9e', N'Larita Hammett', 0, 0, 1)
INSERT dbo.Supplier(Oid, Contact, ProfitByMaterialAsPayer, ProfitByMaterialAsPayee, CostByMaterialAsPayer) VALUES ('37e456ed-14a3-6717-f3b6-6f4dd73eba9e', N'Elvin Lytle', 1, 0, NULL)
INSERT dbo.Supplier(Oid, Contact, ProfitByMaterialAsPayer, ProfitByMaterialAsPayee, CostByMaterialAsPayer) VALUES ('51d8cc33-7be1-161f-f396-94965a4eaa62', N'Scottie Hodge', 1, 0, 0)
INSERT dbo.Supplier(Oid, Contact, ProfitByMaterialAsPayer, ProfitByMaterialAsPayee, CostByMaterialAsPayer) VALUES ('1b3166b4-1301-5956-5a76-66508ad02725', N'Adan Cline', 0, 1, 0)
INSERT dbo.Supplier(Oid, Contact, ProfitByMaterialAsPayer, ProfitByMaterialAsPayee, CostByMaterialAsPayer) VALUES ('5e306560-6b07-2cdf-5b76-66508ad02725', N'Sadie Obrien', 1, NULL, 0)
INSERT dbo.Supplier(Oid, Contact, ProfitByMaterialAsPayer, ProfitByMaterialAsPayee, CostByMaterialAsPayer) VALUES ('69619ef2-1249-20fa-797e-3e3b283cabde', N'Dewitt Alvarado', 1, 1, NULL)
INSERT dbo.Supplier(Oid, Contact, ProfitByMaterialAsPayer, ProfitByMaterialAsPayee, CostByMaterialAsPayer) VALUES ('1a591774-4565-7236-90c9-bcec0cd444f8', N'Karan Ackerman', 1, 0, 1)
INSERT dbo.Supplier(Oid, Contact, ProfitByMaterialAsPayer, ProfitByMaterialAsPayee, CostByMaterialAsPayer) VALUES ('66a18612-296a-25b0-d94b-16e575b61049', N'Shonda Alicea', 0, 1, 0)
INSERT dbo.Supplier(Oid, Contact, ProfitByMaterialAsPayer, ProfitByMaterialAsPayee, CostByMaterialAsPayer) VALUES ('61e25755-3de1-1adf-8fc9-bcec0cd444f8', NULL, NULL, 1, 1)
INSERT dbo.Supplier(Oid, Contact, ProfitByMaterialAsPayer, ProfitByMaterialAsPayee, CostByMaterialAsPayer) VALUES ('2f8a5a0d-54fa-587b-5676-66508ad02725', NULL, NULL, 1, 0)
INSERT dbo.Supplier(Oid, Contact, ProfitByMaterialAsPayer, ProfitByMaterialAsPayee, CostByMaterialAsPayer) VALUES ('5aa02579-73ed-23cd-314d-4c0f86f26090', N'Arron Elam', 1, 1, 1)
INSERT dbo.Supplier(Oid, Contact, ProfitByMaterialAsPayer, ProfitByMaterialAsPayee, CostByMaterialAsPayer) VALUES ('7a311573-456f-56e3-0902-eefebbd653b8', N'Russell Simmons', 0, 1, NULL)
INSERT dbo.Supplier(Oid, Contact, ProfitByMaterialAsPayer, ProfitByMaterialAsPayee, CostByMaterialAsPayer) VALUES ('751604f5-1e51-6d47-3f2b-e89ea5388e0b', N'Louis Streeter', 1, 1, NULL)
INSERT dbo.Supplier(Oid, Contact, ProfitByMaterialAsPayer, ProfitByMaterialAsPayee, CostByMaterialAsPayer) VALUES ('6f0fc907-5bf7-6e28-ef96-94965a4eaa62', N'Colby Merrill', 0, 1, 1)
INSERT dbo.Supplier(Oid, Contact, ProfitByMaterialAsPayer, ProfitByMaterialAsPayee, CostByMaterialAsPayer) VALUES ('3f22df3a-3b15-3b5a-787e-3e3b283cabde', N'Bennett Gay', 1, 1, 0)
INSERT dbo.Supplier(Oid, Contact, ProfitByMaterialAsPayer, ProfitByMaterialAsPayee, CostByMaterialAsPayer) VALUES ('66b0e9ee-53c2-4a98-432b-e89ea5388e0b', N'Wally Weaver', 0, 1, 1)
INSERT dbo.Supplier(Oid, Contact, ProfitByMaterialAsPayer, ProfitByMaterialAsPayee, CostByMaterialAsPayer) VALUES ('1259a17c-69e8-7a1c-da4b-16e575b61049', N'Leigh Simons', 1, 1, 1)
INSERT dbo.Supplier(Oid, Contact, ProfitByMaterialAsPayer, ProfitByMaterialAsPayee, CostByMaterialAsPayer) VALUES ('4f7021f5-7800-11be-0a02-eefebbd653b8', N'Burl Jay', 1, 0, 0)
INSERT dbo.Supplier(Oid, Contact, ProfitByMaterialAsPayer, ProfitByMaterialAsPayee, CostByMaterialAsPayer) VALUES ('5f0a8444-3de1-3f02-eeb6-6f4dd73eba9e', N'Alena Abraham', 1, 0, 1)
INSERT dbo.Supplier(Oid, Contact, ProfitByMaterialAsPayer, ProfitByMaterialAsPayee, CostByMaterialAsPayer) VALUES ('49bdab11-1115-7150-d84b-16e575b61049', N'Savanna Obryan', 1, 1, 1)
INSERT dbo.Supplier(Oid, Contact, ProfitByMaterialAsPayer, ProfitByMaterialAsPayee, CostByMaterialAsPayer) VALUES ('1e3453a2-3ef5-5f70-8dc9-bcec0cd444f8', N'Carrol Norris', 1, 0, 1)
INSERT dbo.Supplier(Oid, Contact, ProfitByMaterialAsPayer, ProfitByMaterialAsPayee, CostByMaterialAsPayer) VALUES ('1a361dba-2edd-6ebd-324d-4c0f86f26090', N'Lasonya Villasenor', 1, 1, 0)
INSERT dbo.Supplier(Oid, Contact, ProfitByMaterialAsPayer, ProfitByMaterialAsPayee, CostByMaterialAsPayer) VALUES ('5984fdaa-1e0e-68c7-3e2b-e89ea5388e0b', N'Ching Griswold', 1, 0, NULL)
INSERT dbo.Supplier(Oid, Contact, ProfitByMaterialAsPayer, ProfitByMaterialAsPayee, CostByMaterialAsPayer) VALUES ('669afd3f-720a-6e34-1902-ce5da15ac776', N'Rickie Borges', 0, 0, 1)
INSERT dbo.Supplier(Oid, Contact, ProfitByMaterialAsPayer, ProfitByMaterialAsPayee, CostByMaterialAsPayer) VALUES ('397bc919-4888-5ab2-402b-e89ea5388e0b', N'Megan Keen', 1, 0, 0)
INSERT dbo.Supplier(Oid, Contact, ProfitByMaterialAsPayer, ProfitByMaterialAsPayee, CostByMaterialAsPayer) VALUES ('7959e1dd-2e0b-4306-7a7e-3e3b283cabde', N'Angie Byers', 0, 0, 1)
INSERT dbo.Supplier(Oid, Contact, ProfitByMaterialAsPayer, ProfitByMaterialAsPayee, CostByMaterialAsPayer) VALUES ('499200b3-46a5-60a7-f196-94965a4eaa62', N'Wilburn Kinney', 0, 0, 0)
INSERT dbo.Supplier(Oid, Contact, ProfitByMaterialAsPayer, ProfitByMaterialAsPayee, CostByMaterialAsPayer) VALUES ('43624c49-472d-4810-f296-94965a4eaa62', N'Emerson Mace', 1, 1, 1)
INSERT dbo.Supplier(Oid, Contact, ProfitByMaterialAsPayer, ProfitByMaterialAsPayee, CostByMaterialAsPayer) VALUES ('4abdf3c0-7507-7423-304d-4c0f86f26090', N'Reuben Elam', 0, NULL, 0)
INSERT dbo.Supplier(Oid, Contact, ProfitByMaterialAsPayer, ProfitByMaterialAsPayee, CostByMaterialAsPayer) VALUES ('7e919581-5fd4-1caf-5776-66508ad02725', N'Otto Tirado', 1, 0, 1)
INSERT dbo.Supplier(Oid, Contact, ProfitByMaterialAsPayer, ProfitByMaterialAsPayee, CostByMaterialAsPayer) VALUES ('24fee4c1-709c-79d6-1802-ce5da15ac776', N'Wilmer Pinto', 0, 0, 0)
INSERT dbo.Supplier(Oid, Contact, ProfitByMaterialAsPayer, ProfitByMaterialAsPayee, CostByMaterialAsPayer) VALUES ('699acaa2-66da-563a-1702-ce5da15ac776', NULL, NULL, 1, 0)
INSERT dbo.Supplier(Oid, Contact, ProfitByMaterialAsPayer, ProfitByMaterialAsPayee, CostByMaterialAsPayer) VALUES ('14735d5d-67ff-5dad-412b-e89ea5388e0b', N'Cheryll Sorensen', 0, 0, 1)
INSERT dbo.Supplier(Oid, Contact, ProfitByMaterialAsPayer, ProfitByMaterialAsPayee, CostByMaterialAsPayer) VALUES ('244bd1b5-7428-4b87-0702-eefebbd653b8', N'Adam Faulk', 1, NULL, NULL)
INSERT dbo.Supplier(Oid, Contact, ProfitByMaterialAsPayer, ProfitByMaterialAsPayee, CostByMaterialAsPayer) VALUES ('5ebb6116-1627-3f70-0602-eefebbd653b8', N'Andria Carnes', 1, 0, 1)
INSERT dbo.Supplier(Oid, Contact, ProfitByMaterialAsPayer, ProfitByMaterialAsPayee, CostByMaterialAsPayer) VALUES ('228bfc03-38db-4741-f096-94965a4eaa62', N'Adrian Briscoe', 1, 1, NULL)
INSERT dbo.Supplier(Oid, Contact, ProfitByMaterialAsPayer, ProfitByMaterialAsPayee, CostByMaterialAsPayer) VALUES ('6c4c1f9b-1644-2620-5976-66508ad02725', N'Ila Melendez', 0, NULL, 1)
GO

--
-- Enabling DML triggers for [PaymentData].[dbo].[PaymentParticipant]
--
ENABLE TRIGGER ALL ON dbo.PaymentParticipant
GO

--
-- Enabling DML triggers for [PaymentData].[dbo].[Project]
--
ENABLE TRIGGER ALL ON dbo.Project
GO

--
-- Enabling DML triggers for [PaymentData].[dbo].[Payment]
--
ENABLE TRIGGER ALL ON dbo.Payment
GO

--
-- Set NOEXEC to off
--

SET NOEXEC OFF
GO